"stakeholder","value","option","median","q05","q95","p_pos","abs_q95","certainty","ref","size_rel","stakeholder_label","value_label","unit"
"landowners","net_financial_usd","shoulders",-2610.42804009034,-18685.7500961173,7209.13737382246,0.285333333333333,19120.7152487043,0.429333333333333,377287.831903516,0.00691892984441096,"Landowners hosting the path","Net financial position","USD"
"landowners","net_financial_usd","path_donated",-16029.2815477192,-165769.742774431,187358.13109673,0.429333333333333,219846.745186907,0.141333333333333,377287.831903516,0.0424855513278743,"Landowners hosting the path","Net financial position","USD"
"landowners","net_financial_usd","path_cost_sharing",45036.3164280821,-112205.014491824,261197.741071187,0.668666666666667,261197.741071187,0.337333333333333,377287.831903516,0.119368589760401,"Landowners hosting the path","Net financial position","USD"
"landowners","net_financial_usd","path_compensated",127283.363491348,-48368.2430939559,377287.831903516,0.877333333333333,377287.831903516,0.754666666666667,377287.831903516,0.337364083143551,"Landowners hosting the path","Net financial position","USD"
"landowners","net_financial_usd","path_oneoff_annual",88407.5192456186,-63836.722348389,307054.596648645,0.802666666666667,307054.596648645,0.605333333333333,377287.831903516,0.234323802067985,"Landowners hosting the path","Net financial position","USD"
"landowners","net_financial_usd","path_annual",4513.03723960402,-151947.274264894,212363.232512326,0.518,231311.398510179,0.036,377287.831903516,0.0119617884754845,"Landowners hosting the path","Net financial position","USD"
"landowners","net_financial_usd","shoulders_speed",-2610.42804009034,-18685.7500961173,7209.13737382246,0.285333333333333,19120.7152487043,0.429333333333333,377287.831903516,0.00691892984441096,"Landowners hosting the path","Net financial position","USD"
"landowners","net_financial_usd","partial_path",1027.14722879314,-47856.1824906214,48027.0103562266,0.522,60124.8949476046,0.044,377287.831903516,0.00272244992267817,"Landowners hosting the path","Net financial position","USD"
"landowners","net_financial_usd","carriage_path",45036.3164280821,-112205.014491824,261197.741071187,0.668666666666667,261197.741071187,0.337333333333333,377287.831903516,0.119368589760401,"Landowners hosting the path","Net financial position","USD"
"landowners","net_financial_usd","path_mitigated",52385.252736371,-82926.5379404007,257579.550537179,0.714,257579.550537179,0.428,377287.831903516,0.138846918205853,"Landowners hosting the path","Net financial position","USD"
"landowners","privacy_wellbeing_pts","shoulders",-48.5890189275754,-185.185989292321,-6.48091720444982,0.004,185.185989292321,0.992,1032.77470996147,0.0470470650171015,"Landowners hosting the path","Privacy loss","wellbeing pts"
"landowners","privacy_wellbeing_pts","path_donated",-294.138247496964,-1032.77470996147,-41.0750672218656,0.00266666666666667,1032.77470996147,0.994666666666667,1032.77470996147,0.284803882840952,"Landowners hosting the path","Privacy loss","wellbeing pts"
"landowners","privacy_wellbeing_pts","path_compensated",-294.138247496964,-1032.77470996147,-41.0750672218656,0.00266666666666667,1032.77470996147,0.994666666666667,1032.77470996147,0.284803882840952,"Landowners hosting the path","Privacy loss","wellbeing pts"
"landowners","privacy_wellbeing_pts","path_oneoff_annual",-294.138247496964,-1032.77470996147,-41.0750672218656,0.00266666666666667,1032.77470996147,0.994666666666667,1032.77470996147,0.284803882840952,"Landowners hosting the path","Privacy loss","wellbeing pts"
"landowners","privacy_wellbeing_pts","path_annual",-294.138247496964,-1032.77470996147,-41.0750672218656,0.00266666666666667,1032.77470996147,0.994666666666667,1032.77470996147,0.284803882840952,"Landowners hosting the path","Privacy loss","wellbeing pts"
"landowners","privacy_wellbeing_pts","path_mitigated",-294.138247496964,-1032.77470996147,-41.0750672218656,0.00266666666666667,1032.77470996147,0.994666666666667,1032.77470996147,0.284803882840952,"Landowners hosting the path","Privacy loss","wellbeing pts"
"landowners","privacy_wellbeing_pts","path_cost_sharing",-294.138247496964,-1032.77470996147,-41.0750672218656,0.00266666666666667,1032.77470996147,0.994666666666667,1032.77470996147,0.284803882840952,"Landowners hosting the path","Privacy loss","wellbeing pts"
"landowners","privacy_wellbeing_pts","partial_path",-47.0621195995143,-165.243953593835,-6.57201075549849,0.00266666666666667,165.243953593835,0.994666666666667,1032.77470996147,0.0455686212545523,"Landowners hosting the path","Privacy loss","wellbeing pts"
"landowners","privacy_wellbeing_pts","shoulders_speed",-48.5890189275754,-185.185989292321,-6.48091720444982,0.004,185.185989292321,0.992,1032.77470996147,0.0470470650171015,"Landowners hosting the path","Privacy loss","wellbeing pts"
"landowners","privacy_wellbeing_pts","carriage_path",-294.138247496964,-1032.77470996147,-41.0750672218656,0.00266666666666667,1032.77470996147,0.994666666666667,1032.77470996147,0.284803882840952,"Landowners hosting the path","Privacy loss","wellbeing pts"
"landowners","legacy_pride_pts","shoulders",38.225127006821,9.0883378270871,89.9748451674276,1,89.9748451674276,1,562.870894996596,0.0679110029433165,"Landowners hosting the path","Legacy and community pride","wellbeing pts"
"landowners","legacy_pride_pts","partial_path",29.5607648852749,7.02831458628069,69.5805469294774,1,69.5805469294774,1,562.870894996596,0.0525178422761648,"Landowners hosting the path","Legacy and community pride","wellbeing pts"
"landowners","legacy_pride_pts","path_compensated",127.417090022737,30.2944594236237,299.916150558092,1,299.916150558092,1,562.870894996596,0.226370009811055,"Landowners hosting the path","Legacy and community pride","wellbeing pts"
"landowners","legacy_pride_pts","path_mitigated",127.417090022737,30.2944594236237,299.916150558092,1,299.916150558092,1,562.870894996596,0.226370009811055,"Landowners hosting the path","Legacy and community pride","wellbeing pts"
"landowners","legacy_pride_pts","path_annual",127.417090022737,30.2944594236237,299.916150558092,1,299.916150558092,1,562.870894996596,0.226370009811055,"Landowners hosting the path","Legacy and community pride","wellbeing pts"
"landowners","legacy_pride_pts","shoulders_speed",38.225127006821,9.0883378270871,89.9748451674276,1,89.9748451674276,1,562.870894996596,0.0679110029433165,"Landowners hosting the path","Legacy and community pride","wellbeing pts"
"landowners","legacy_pride_pts","path_donated",259.769465119111,82.6170472965069,562.870894996596,1,562.870894996596,1,562.870894996596,0.461508078367921,"Landowners hosting the path","Legacy and community pride","wellbeing pts"
"landowners","legacy_pride_pts","path_cost_sharing",127.417090022737,30.2944594236237,299.916150558092,1,299.916150558092,1,562.870894996596,0.226370009811055,"Landowners hosting the path","Legacy and community pride","wellbeing pts"
"landowners","legacy_pride_pts","path_oneoff_annual",127.417090022737,30.2944594236237,299.916150558092,1,299.916150558092,1,562.870894996596,0.226370009811055,"Landowners hosting the path","Legacy and community pride","wellbeing pts"
"landowners","legacy_pride_pts","carriage_path",127.417090022737,30.2944594236237,299.916150558092,1,299.916150558092,1,562.870894996596,0.226370009811055,"Landowners hosting the path","Legacy and community pride","wellbeing pts"
"neighbors","noise_nuisance_pts","shoulders",-101.947650415872,-395.20897522621,-10.1518045799135,0.004,395.20897522621,0.992,2230.89822863581,0.0456980283131127,"Neighbors (not hosting)","Noise and activity nuisance","wellbeing pts"
"neighbors","noise_nuisance_pts","shoulders_speed",-101.947650415872,-395.20897522621,-10.1518045799135,0.004,395.20897522621,0.992,2230.89822863581,0.0456980283131127,"Neighbors (not hosting)","Noise and activity nuisance","wellbeing pts"
"neighbors","noise_nuisance_pts","path_cost_sharing",-609.131929447051,-2230.89822863581,-64.6791883600125,0.00266666666666667,2230.89822863581,0.994666666666667,2230.89822863581,0.273043351609784,"Neighbors (not hosting)","Noise and activity nuisance","wellbeing pts"
"neighbors","noise_nuisance_pts","path_annual",-609.131929447051,-2230.89822863581,-64.6791883600125,0.00266666666666667,2230.89822863581,0.994666666666667,2230.89822863581,0.273043351609784,"Neighbors (not hosting)","Noise and activity nuisance","wellbeing pts"
"neighbors","noise_nuisance_pts","path_oneoff_annual",-609.131929447051,-2230.89822863581,-64.6791883600125,0.00266666666666667,2230.89822863581,0.994666666666667,2230.89822863581,0.273043351609784,"Neighbors (not hosting)","Noise and activity nuisance","wellbeing pts"
"neighbors","noise_nuisance_pts","path_compensated",-609.131929447051,-2230.89822863581,-64.6791883600125,0.00266666666666667,2230.89822863581,0.994666666666667,2230.89822863581,0.273043351609784,"Neighbors (not hosting)","Noise and activity nuisance","wellbeing pts"
"neighbors","noise_nuisance_pts","carriage_path",-609.131929447051,-2230.89822863581,-64.6791883600125,0.00266666666666667,2230.89822863581,0.994666666666667,2230.89822863581,0.273043351609784,"Neighbors (not hosting)","Noise and activity nuisance","wellbeing pts"
"neighbors","noise_nuisance_pts","path_mitigated",-609.131929447051,-2230.89822863581,-64.6791883600125,0.00266666666666667,2230.89822863581,0.994666666666667,2230.89822863581,0.273043351609784,"Neighbors (not hosting)","Noise and activity nuisance","wellbeing pts"
"neighbors","noise_nuisance_pts","partial_path",-243.652771778821,-892.359291454324,-25.871675344005,0.00266666666666667,892.359291454324,0.994666666666667,2230.89822863581,0.109217340643913,"Neighbors (not hosting)","Noise and activity nuisance","wellbeing pts"
"neighbors","noise_nuisance_pts","path_donated",-609.131929447051,-2230.89822863581,-64.6791883600125,0.00266666666666667,2230.89822863581,0.994666666666667,2230.89822863581,0.273043351609784,"Neighbors (not hosting)","Noise and activity nuisance","wellbeing pts"
"neighbors","trespass_cost_usd","shoulders",-920.243655536795,-2942.77780484517,-130.466861282833,0.004,2942.77780484517,0.992,16969.7447705502,0.0542284912342238,"Neighbors (not hosting)","Trespass, litter, parking","USD"
"neighbors","trespass_cost_usd","path_compensated",-5523.32776729653,-16969.7447705502,-731.880737892794,0.00266666666666667,16969.7447705502,0.994666666666667,16969.7447705502,0.325480898032237,"Neighbors (not hosting)","Trespass, litter, parking","USD"
"neighbors","trespass_cost_usd","path_mitigated",-5523.32776729653,-16969.7447705502,-731.880737892794,0.00266666666666667,16969.7447705502,0.994666666666667,16969.7447705502,0.325480898032237,"Neighbors (not hosting)","Trespass, litter, parking","USD"
"neighbors","trespass_cost_usd","path_oneoff_annual",-5523.32776729653,-16969.7447705502,-731.880737892794,0.00266666666666667,16969.7447705502,0.994666666666667,16969.7447705502,0.325480898032237,"Neighbors (not hosting)","Trespass, litter, parking","USD"
"neighbors","trespass_cost_usd","shoulders_speed",-920.243655536795,-2942.77780484517,-130.466861282833,0.004,2942.77780484517,0.992,16969.7447705502,0.0542284912342238,"Neighbors (not hosting)","Trespass, litter, parking","USD"
"neighbors","trespass_cost_usd","path_donated",-5523.32776729653,-16969.7447705502,-731.880737892794,0.00266666666666667,16969.7447705502,0.994666666666667,16969.7447705502,0.325480898032237,"Neighbors (not hosting)","Trespass, litter, parking","USD"
"neighbors","trespass_cost_usd","path_cost_sharing",-5523.32776729653,-16969.7447705502,-731.880737892794,0.00266666666666667,16969.7447705502,0.994666666666667,16969.7447705502,0.325480898032237,"Neighbors (not hosting)","Trespass, litter, parking","USD"
"neighbors","trespass_cost_usd","path_annual",-5523.32776729653,-16969.7447705502,-731.880737892794,0.00266666666666667,16969.7447705502,0.994666666666667,16969.7447705502,0.325480898032237,"Neighbors (not hosting)","Trespass, litter, parking","USD"
"neighbors","trespass_cost_usd","partial_path",-2209.33110691861,-6787.89790822006,-292.752295157117,0.00266666666666667,6787.89790822006,0.994666666666667,16969.7447705502,0.130192359212895,"Neighbors (not hosting)","Trespass, litter, parking","USD"
"neighbors","trespass_cost_usd","carriage_path",-5523.32776729653,-16969.7447705502,-731.880737892794,0.00266666666666667,16969.7447705502,0.994666666666667,16969.7447705502,0.325480898032237,"Neighbors (not hosting)","Trespass, litter, parking","USD"
"neighbors","property_value_usd","path_oneoff_annual",206396.197175471,-518962.106722079,1121295.37465883,0.726,1169797.89345703,0.452,1169797.89345703,0.176437484055918,"Neighbors (not hosting)","Home values","USD"
"neighbors","property_value_usd","path_compensated",206396.197175471,-518962.106722079,1121295.37465883,0.726,1169797.89345703,0.452,1169797.89345703,0.176437484055918,"Neighbors (not hosting)","Home values","USD"
"neighbors","property_value_usd","shoulders",0,0,0,0,0,1,1169797.89345703,0,"Neighbors (not hosting)","Home values","USD"
"neighbors","property_value_usd","path_annual",206396.197175471,-518962.106722079,1121295.37465883,0.726,1169797.89345703,0.452,1169797.89345703,0.176437484055918,"Neighbors (not hosting)","Home values","USD"
"neighbors","property_value_usd","shoulders_speed",0,0,0,0,0,1,1169797.89345703,0,"Neighbors (not hosting)","Home values","USD"
"neighbors","property_value_usd","path_donated",206396.197175471,-518962.106722079,1121295.37465883,0.726,1169797.89345703,0.452,1169797.89345703,0.176437484055918,"Neighbors (not hosting)","Home values","USD"
"neighbors","property_value_usd","path_mitigated",206396.197175471,-518962.106722079,1121295.37465883,0.726,1169797.89345703,0.452,1169797.89345703,0.176437484055918,"Neighbors (not hosting)","Home values","USD"
"neighbors","property_value_usd","partial_path",82558.4788701884,-207584.842688832,448518.149863534,0.726,467919.157382811,0.452,1169797.89345703,0.0705749936223673,"Neighbors (not hosting)","Home values","USD"
"neighbors","property_value_usd","path_cost_sharing",206396.197175471,-518962.106722079,1121295.37465883,0.726,1169797.89345703,0.452,1169797.89345703,0.176437484055918,"Neighbors (not hosting)","Home values","USD"
"neighbors","property_value_usd","carriage_path",206396.197175471,-518962.106722079,1121295.37465883,0.726,1169797.89345703,0.452,1169797.89345703,0.176437484055918,"Neighbors (not hosting)","Home values","USD"
"neighbors","kids_mobility_pts","shoulders",103.539593318873,22.1169468654527,277.950126910512,1,277.950126910512,1,1389.75063455256,0.0745022817364702,"Neighbors (not hosting)","Children's independent mobility","wellbeing pts"
"neighbors","kids_mobility_pts","shoulders_speed",103.539593318873,22.1169468654527,277.950126910512,1,277.950126910512,1,1389.75063455256,0.0745022817364702,"Neighbors (not hosting)","Children's independent mobility","wellbeing pts"
"neighbors","kids_mobility_pts","path_compensated",517.697966594364,110.584734327263,1389.75063455256,1,1389.75063455256,1,1389.75063455256,0.372511408682351,"Neighbors (not hosting)","Children's independent mobility","wellbeing pts"
"neighbors","kids_mobility_pts","path_annual",517.697966594364,110.584734327263,1389.75063455256,1,1389.75063455256,1,1389.75063455256,0.372511408682351,"Neighbors (not hosting)","Children's independent mobility","wellbeing pts"
"neighbors","kids_mobility_pts","path_oneoff_annual",517.697966594364,110.584734327263,1389.75063455256,1,1389.75063455256,1,1389.75063455256,0.372511408682351,"Neighbors (not hosting)","Children's independent mobility","wellbeing pts"
"neighbors","kids_mobility_pts","carriage_path",517.697966594364,110.584734327263,1389.75063455256,1,1389.75063455256,1,1389.75063455256,0.372511408682351,"Neighbors (not hosting)","Children's independent mobility","wellbeing pts"
"neighbors","kids_mobility_pts","path_mitigated",517.697966594364,110.584734327263,1389.75063455256,1,1389.75063455256,1,1389.75063455256,0.372511408682351,"Neighbors (not hosting)","Children's independent mobility","wellbeing pts"
"neighbors","kids_mobility_pts","partial_path",269.20294262907,57.5040618501769,722.67032996733,1,722.67032996733,1,1389.75063455256,0.193705932514823,"Neighbors (not hosting)","Children's independent mobility","wellbeing pts"
"neighbors","kids_mobility_pts","path_donated",517.697966594364,110.584734327263,1389.75063455256,1,1389.75063455256,1,1389.75063455256,0.372511408682351,"Neighbors (not hosting)","Children's independent mobility","wellbeing pts"
"neighbors","kids_mobility_pts","path_cost_sharing",517.697966594364,110.584734327263,1389.75063455256,1,1389.75063455256,1,1389.75063455256,0.372511408682351,"Neighbors (not hosting)","Children's independent mobility","wellbeing pts"
"forest_managers","stand_value_loss_usd","path_annual",-14848.544207766,-32798.8235829334,-4957.72521309435,0,32798.8235829334,1,32798.8235829334,0.452715755802056,"Forest managers / land trust","Stand value lost","USD"
"forest_managers","stand_value_loss_usd","path_mitigated",-6236.38856726172,-13775.505904832,-2082.24458949963,0,13775.505904832,1,32798.8235829334,0.190140617436864,"Forest managers / land trust","Stand value lost","USD"
"forest_managers","stand_value_loss_usd","path_oneoff_annual",-14848.544207766,-32798.8235829334,-4957.72521309435,0,32798.8235829334,1,32798.8235829334,0.452715755802056,"Forest managers / land trust","Stand value lost","USD"
"forest_managers","stand_value_loss_usd","shoulders_speed",-4511.7626927925,-10186.793159139,-1529.21085986084,0,10186.793159139,1,32798.8235829334,0.137558674364777,"Forest managers / land trust","Stand value lost","USD"
"forest_managers","stand_value_loss_usd","path_compensated",-14848.544207766,-32798.8235829334,-4957.72521309435,0,32798.8235829334,1,32798.8235829334,0.452715755802056,"Forest managers / land trust","Stand value lost","USD"
"forest_managers","stand_value_loss_usd","path_cost_sharing",-14848.544207766,-32798.8235829334,-4957.72521309435,0,32798.8235829334,1,32798.8235829334,0.452715755802056,"Forest managers / land trust","Stand value lost","USD"
"forest_managers","stand_value_loss_usd","shoulders",-4511.7626927925,-10186.793159139,-1529.21085986084,0,10186.793159139,1,32798.8235829334,0.137558674364777,"Forest managers / land trust","Stand value lost","USD"
"forest_managers","stand_value_loss_usd","path_donated",-14848.544207766,-32798.8235829334,-4957.72521309435,0,32798.8235829334,1,32798.8235829334,0.452715755802056,"Forest managers / land trust","Stand value lost","USD"
"forest_managers","stand_value_loss_usd","carriage_path",-14848.544207766,-32798.8235829334,-4957.72521309435,0,32798.8235829334,1,32798.8235829334,0.452715755802056,"Forest managers / land trust","Stand value lost","USD"
"forest_managers","stand_value_loss_usd","partial_path",-5939.4176831064,-13119.5294331734,-1983.09008523774,0,13119.5294331734,1,32798.8235829334,0.181086302320822,"Forest managers / land trust","Stand value lost","USD"
"forest_managers","access_saving_usd","shoulders_speed",0,0,0,0,0,1,49665.5576070063,0,"Forest managers / land trust","Operational access savings","USD"
"forest_managers","access_saving_usd","path_cost_sharing",22850.5089127059,160.291692252204,49665.5576070063,0.952666666666667,49665.5576070063,0.905333333333333,49665.5576070063,0.460087634443118,"Forest managers / land trust","Operational access savings","USD"
"forest_managers","access_saving_usd","path_oneoff_annual",22850.5089127059,160.291692252204,49665.5576070063,0.952666666666667,49665.5576070063,0.905333333333333,49665.5576070063,0.460087634443118,"Forest managers / land trust","Operational access savings","USD"
"forest_managers","access_saving_usd","carriage_path",22850.5089127059,160.291692252204,49665.5576070063,0.952666666666667,49665.5576070063,0.905333333333333,49665.5576070063,0.460087634443118,"Forest managers / land trust","Operational access savings","USD"
"forest_managers","access_saving_usd","path_annual",22850.5089127059,160.291692252204,49665.5576070063,0.952666666666667,49665.5576070063,0.905333333333333,49665.5576070063,0.460087634443118,"Forest managers / land trust","Operational access savings","USD"
"forest_managers","access_saving_usd","path_mitigated",22850.5089127059,160.291692252204,49665.5576070063,0.952666666666667,49665.5576070063,0.905333333333333,49665.5576070063,0.460087634443118,"Forest managers / land trust","Operational access savings","USD"
"forest_managers","access_saving_usd","path_compensated",22850.5089127059,160.291692252204,49665.5576070063,0.952666666666667,49665.5576070063,0.905333333333333,49665.5576070063,0.460087634443118,"Forest managers / land trust","Operational access savings","USD"
"forest_managers","access_saving_usd","path_donated",22850.5089127059,160.291692252204,49665.5576070063,0.952666666666667,49665.5576070063,0.905333333333333,49665.5576070063,0.460087634443118,"Forest managers / land trust","Operational access savings","USD"
"forest_managers","access_saving_usd","shoulders",0,0,0,0,0,1,49665.5576070063,0,"Forest managers / land trust","Operational access savings","USD"
"forest_managers","access_saving_usd","partial_path",9140.20356508237,64.1166769008815,19866.2230428025,0.952666666666667,19866.2230428025,0.905333333333333,49665.5576070063,0.184035053777247,"Forest managers / land trust","Operational access savings","USD"
"forest_managers","management_cost_usd","path_mitigated",-16204.6168965399,-37740.579346289,-5629.22004115328,0,37740.579346289,1,57538.4686964897,0.281631007283455,"Forest managers / land trust","Invasives and user management cost","USD"
"forest_managers","management_cost_usd","path_cost_sharing",-22933.1026256568,-57538.4686964897,-7624.1620966234,0,57538.4686964897,1,57538.4686964897,0.398569915835385,"Forest managers / land trust","Invasives and user management cost","USD"
"forest_managers","management_cost_usd","carriage_path",-22933.1026256568,-57538.4686964897,-7624.1620966234,0,57538.4686964897,1,57538.4686964897,0.398569915835385,"Forest managers / land trust","Invasives and user management cost","USD"
"forest_managers","management_cost_usd","path_donated",-22933.1026256568,-57538.4686964897,-7624.1620966234,0,57538.4686964897,1,57538.4686964897,0.398569915835385,"Forest managers / land trust","Invasives and user management cost","USD"
"forest_managers","management_cost_usd","path_compensated",-22933.1026256568,-57538.4686964897,-7624.1620966234,0,57538.4686964897,1,57538.4686964897,0.398569915835385,"Forest managers / land trust","Invasives and user management cost","USD"
"forest_managers","management_cost_usd","shoulders_speed",-14839.7875509912,-41554.7954898147,-3727.36236933092,0,41554.7954898147,1,57538.4686964897,0.257910714121882,"Forest managers / land trust","Invasives and user management cost","USD"
"forest_managers","management_cost_usd","path_oneoff_annual",-22933.1026256568,-57538.4686964897,-7624.1620966234,0,57538.4686964897,1,57538.4686964897,0.398569915835385,"Forest managers / land trust","Invasives and user management cost","USD"
"forest_managers","management_cost_usd","partial_path",-9173.24105026273,-23015.3874785959,-3049.66483864936,0,23015.3874785959,1,57538.4686964897,0.159427966334154,"Forest managers / land trust","Invasives and user management cost","USD"
"forest_managers","management_cost_usd","path_annual",-22933.1026256568,-57538.4686964897,-7624.1620966234,0,57538.4686964897,1,57538.4686964897,0.398569915835385,"Forest managers / land trust","Invasives and user management cost","USD"
"forest_managers","management_cost_usd","shoulders",-14839.7875509912,-41554.7954898147,-3727.36236933092,0,41554.7954898147,1,57538.4686964897,0.257910714121882,"Forest managers / land trust","Invasives and user management cost","USD"
"ecosystem","stems_lost","path_donated",-7731.6395873358,-17514.1357139346,-2509.89092549562,0,17514.1357139346,1,17514.1357139346,0.441451391814004,"Ecosystem (trees and wildlife)","Stems lost","stems"
"ecosystem","stems_lost","path_oneoff_annual",-7731.6395873358,-17514.1357139346,-2509.89092549562,0,17514.1357139346,1,17514.1357139346,0.441451391814004,"Ecosystem (trees and wildlife)","Stems lost","stems"
"ecosystem","stems_lost","carriage_path",-7731.6395873358,-17514.1357139346,-2509.89092549562,0,17514.1357139346,1,17514.1357139346,0.441451391814004,"Ecosystem (trees and wildlife)","Stems lost","stems"
"ecosystem","stems_lost","path_compensated",-7731.6395873358,-17514.1357139346,-2509.89092549562,0,17514.1357139346,1,17514.1357139346,0.441451391814004,"Ecosystem (trees and wildlife)","Stems lost","stems"
"ecosystem","stems_lost","path_mitigated",-3830.05086947165,-9024.43733419389,-1224.35595721874,0,9024.43733419389,1,17514.1357139346,0.218683407050705,"Ecosystem (trees and wildlife)","Stems lost","stems"
"ecosystem","stems_lost","shoulders_speed",-3984.14547378004,-10742.5572236314,-1179.17363619591,0,10742.5572236314,1,17514.1357139346,0.227481706140382,"Ecosystem (trees and wildlife)","Stems lost","stems"
"ecosystem","stems_lost","partial_path",-3092.65583493432,-7005.65428557385,-1003.95637019825,0,7005.65428557385,1,17514.1357139346,0.176580556725602,"Ecosystem (trees and wildlife)","Stems lost","stems"
"ecosystem","stems_lost","path_annual",-7731.6395873358,-17514.1357139346,-2509.89092549562,0,17514.1357139346,1,17514.1357139346,0.441451391814004,"Ecosystem (trees and wildlife)","Stems lost","stems"
"ecosystem","stems_lost","path_cost_sharing",-7731.6395873358,-17514.1357139346,-2509.89092549562,0,17514.1357139346,1,17514.1357139346,0.441451391814004,"Ecosystem (trees and wildlife)","Stems lost","stems"
"ecosystem","stems_lost","shoulders",-3984.14547378004,-10742.5572236314,-1179.17363619591,0,10742.5572236314,1,17514.1357139346,0.227481706140382,"Ecosystem (trees and wildlife)","Stems lost","stems"
"ecosystem","mature_trees_lost","path_compensated",-2499.01063227332,-6465.89231082266,-757.8012655414,0,6465.89231082266,1,6465.89231082266,0.386491223816156,"Ecosystem (trees and wildlife)","Mature trees lost","trees"
"ecosystem","mature_trees_lost","path_oneoff_annual",-2499.01063227332,-6465.89231082266,-757.8012655414,0,6465.89231082266,1,6465.89231082266,0.386491223816156,"Ecosystem (trees and wildlife)","Mature trees lost","trees"
"ecosystem","mature_trees_lost","carriage_path",-2499.01063227332,-6465.89231082266,-757.8012655414,0,6465.89231082266,1,6465.89231082266,0.386491223816156,"Ecosystem (trees and wildlife)","Mature trees lost","trees"
"ecosystem","mature_trees_lost","shoulders_speed",-1308.42279169547,-4094.82038365267,-345.311618281271,0,4094.82038365267,1,6465.89231082266,0.202357652864929,"Ecosystem (trees and wildlife)","Mature trees lost","trees"
"ecosystem","mature_trees_lost","partial_path",-999.604252909329,-2586.35692432907,-303.12050621656,0,2586.35692432907,1,6465.89231082266,0.154596489526462,"Ecosystem (trees and wildlife)","Mature trees lost","trees"
"ecosystem","mature_trees_lost","path_cost_sharing",-2499.01063227332,-6465.89231082266,-757.8012655414,0,6465.89231082266,1,6465.89231082266,0.386491223816156,"Ecosystem (trees and wildlife)","Mature trees lost","trees"
"ecosystem","mature_trees_lost","path_mitigated",-1248.03728995134,-3297.68175665843,-369.671763195235,0,3297.68175665843,1,6465.89231082266,0.193018570362263,"Ecosystem (trees and wildlife)","Mature trees lost","trees"
"ecosystem","mature_trees_lost","path_annual",-2499.01063227332,-6465.89231082266,-757.8012655414,0,6465.89231082266,1,6465.89231082266,0.386491223816156,"Ecosystem (trees and wildlife)","Mature trees lost","trees"
"ecosystem","mature_trees_lost","shoulders",-1308.42279169547,-4094.82038365267,-345.311618281271,0,4094.82038365267,1,6465.89231082266,0.202357652864929,"Ecosystem (trees and wildlife)","Mature trees lost","trees"
"ecosystem","mature_trees_lost","path_donated",-2499.01063227332,-6465.89231082266,-757.8012655414,0,6465.89231082266,1,6465.89231082266,0.386491223816156,"Ecosystem (trees and wildlife)","Mature trees lost","trees"
"ecosystem","carbon_lost_tco2e","carriage_path",-599.016419038399,-1400.70725043933,-194.01664596349,0,1400.70725043933,1,1400.70725043933,0.427652829562009,"Ecosystem (trees and wildlife)","Carbon lost (net of recovery)","tCO2e"
"ecosystem","carbon_lost_tco2e","path_mitigated",-251.586895996128,-588.297045184517,-81.4869913046658,0,588.297045184517,1,1400.70725043933,0.179614188416044,"Ecosystem (trees and wildlife)","Carbon lost (net of recovery)","tCO2e"
"ecosystem","carbon_lost_tco2e","path_oneoff_annual",-599.016419038399,-1400.70725043933,-194.01664596349,0,1400.70725043933,1,1400.70725043933,0.427652829562009,"Ecosystem (trees and wildlife)","Carbon lost (net of recovery)","tCO2e"
"ecosystem","carbon_lost_tco2e","path_cost_sharing",-599.016419038399,-1400.70725043933,-194.01664596349,0,1400.70725043933,1,1400.70725043933,0.427652829562009,"Ecosystem (trees and wildlife)","Carbon lost (net of recovery)","tCO2e"
"ecosystem","carbon_lost_tco2e","path_compensated",-599.016419038399,-1400.70725043933,-194.01664596349,0,1400.70725043933,1,1400.70725043933,0.427652829562009,"Ecosystem (trees and wildlife)","Carbon lost (net of recovery)","tCO2e"
"ecosystem","carbon_lost_tco2e","shoulders_speed",-186.197641368718,-414.761152821182,-58.5338135455044,0,414.761152821182,1,1400.70725043933,0.132931161247518,"Ecosystem (trees and wildlife)","Carbon lost (net of recovery)","tCO2e"
"ecosystem","carbon_lost_tco2e","shoulders",-186.197641368718,-414.761152821182,-58.5338135455044,0,414.761152821182,1,1400.70725043933,0.132931161247518,"Ecosystem (trees and wildlife)","Carbon lost (net of recovery)","tCO2e"
"ecosystem","carbon_lost_tco2e","partial_path",-239.60656761536,-560.282900175731,-77.606658385396,0,560.282900175731,1,1400.70725043933,0.171061131824803,"Ecosystem (trees and wildlife)","Carbon lost (net of recovery)","tCO2e"
"ecosystem","carbon_lost_tco2e","path_donated",-599.016419038399,-1400.70725043933,-194.01664596349,0,1400.70725043933,1,1400.70725043933,0.427652829562009,"Ecosystem (trees and wildlife)","Carbon lost (net of recovery)","tCO2e"
"ecosystem","carbon_lost_tco2e","path_annual",-599.016419038399,-1400.70725043933,-194.01664596349,0,1400.70725043933,1,1400.70725043933,0.427652829562009,"Ecosystem (trees and wildlife)","Carbon lost (net of recovery)","tCO2e"
"ecosystem","soil_sealed_ha","path_donated",-0.601194045961526,-1.45119381803935,-0.186418411879685,0,1.45119381803935,1,1.45119381803935,0.414275500962219,"Ecosystem (trees and wildlife)","Soil sealed or compacted","ha"
"ecosystem","soil_sealed_ha","carriage_path",-0.601194045961526,-1.45119381803935,-0.186418411879685,0,1.45119381803935,1,1.45119381803935,0.414275500962219,"Ecosystem (trees and wildlife)","Soil sealed or compacted","ha"
"ecosystem","soil_sealed_ha","path_oneoff_annual",-0.601194045961526,-1.45119381803935,-0.186418411879685,0,1.45119381803935,1,1.45119381803935,0.414275500962219,"Ecosystem (trees and wildlife)","Soil sealed or compacted","ha"
"ecosystem","soil_sealed_ha","partial_path",-0.0961910473538442,-0.232191010886296,-0.0298269459007497,0,0.232191010886296,1,1.45119381803935,0.0662840801539551,"Ecosystem (trees and wildlife)","Soil sealed or compacted","ha"
"ecosystem","soil_sealed_ha","shoulders_speed",0,0,0,0,0,1,1.45119381803935,0,"Ecosystem (trees and wildlife)","Soil sealed or compacted","ha"
"ecosystem","soil_sealed_ha","path_cost_sharing",-0.601194045961526,-1.45119381803935,-0.186418411879685,0,1.45119381803935,1,1.45119381803935,0.414275500962219,"Ecosystem (trees and wildlife)","Soil sealed or compacted","ha"
"ecosystem","soil_sealed_ha","path_compensated",-0.601194045961526,-1.45119381803935,-0.186418411879685,0,1.45119381803935,1,1.45119381803935,0.414275500962219,"Ecosystem (trees and wildlife)","Soil sealed or compacted","ha"
"ecosystem","soil_sealed_ha","shoulders",0,0,0,0,0,1,1.45119381803935,0,"Ecosystem (trees and wildlife)","Soil sealed or compacted","ha"
"ecosystem","soil_sealed_ha","path_annual",-0.601194045961526,-1.45119381803935,-0.186418411879685,0,1.45119381803935,1,1.45119381803935,0.414275500962219,"Ecosystem (trees and wildlife)","Soil sealed or compacted","ha"
"ecosystem","soil_sealed_ha","path_mitigated",-0.252501499303841,-0.609501403576526,-0.0782957329894679,0,0.609501403576526,1,1.45119381803935,0.173995710404132,"Ecosystem (trees and wildlife)","Soil sealed or compacted","ha"
"ecosystem","habitat_loss_ha","path_compensated",-6.9374572795058,-14.216521399629,-2.74526409898969,0,14.216521399629,1,14.216521399629,0.487985568655836,"Ecosystem (trees and wildlife)","Habitat lost","ha"
"ecosystem","habitat_loss_ha","shoulders_speed",-4.3565447618659,-9.73829273188048,-1.49043299213285,0,9.73829273188048,1,14.216521399629,0.306442387656069,"Ecosystem (trees and wildlife)","Habitat lost","ha"
"ecosystem","habitat_loss_ha","carriage_path",-6.9374572795058,-14.216521399629,-2.74526409898969,0,14.216521399629,1,14.216521399629,0.487985568655836,"Ecosystem (trees and wildlife)","Habitat lost","ha"
"ecosystem","habitat_loss_ha","path_oneoff_annual",-6.9374572795058,-14.216521399629,-2.74526409898969,0,14.216521399629,1,14.216521399629,0.487985568655836,"Ecosystem (trees and wildlife)","Habitat lost","ha"
"ecosystem","habitat_loss_ha","shoulders",-4.3565447618659,-9.73829273188048,-1.49043299213285,0,9.73829273188048,1,14.216521399629,0.306442387656069,"Ecosystem (trees and wildlife)","Habitat lost","ha"
"ecosystem","habitat_loss_ha","path_cost_sharing",-6.9374572795058,-14.216521399629,-2.74526409898969,0,14.216521399629,1,14.216521399629,0.487985568655836,"Ecosystem (trees and wildlife)","Habitat lost","ha"
"ecosystem","habitat_loss_ha","path_donated",-6.9374572795058,-14.216521399629,-2.74526409898969,0,14.216521399629,1,14.216521399629,0.487985568655836,"Ecosystem (trees and wildlife)","Habitat lost","ha"
"ecosystem","habitat_loss_ha","path_mitigated",-3.66568401269489,-7.86328694528182,-1.40415660141735,0,7.86328694528182,1,14.216521399629,0.257846762203767,"Ecosystem (trees and wildlife)","Habitat lost","ha"
"ecosystem","habitat_loss_ha","path_annual",-6.9374572795058,-14.216521399629,-2.74526409898969,0,14.216521399629,1,14.216521399629,0.487985568655836,"Ecosystem (trees and wildlife)","Habitat lost","ha"
"ecosystem","habitat_loss_ha","partial_path",-2.77498291180232,-5.68660855985158,-1.09810563959588,0,5.68660855985158,1,14.216521399629,0.195194227462334,"Ecosystem (trees and wildlife)","Habitat lost","ha"
"ecosystem","squirrel_litters_lost","path_compensated",-143.199085624157,-408.276706336163,-37.461035603429,0,408.276706336163,1,408.276706336163,0.350740278349975,"Ecosystem (trees and wildlife)","Squirrel litters lost","litters"
"ecosystem","squirrel_litters_lost","path_cost_sharing",-143.199085624157,-408.276706336163,-37.461035603429,0,408.276706336163,1,408.276706336163,0.350740278349975,"Ecosystem (trees and wildlife)","Squirrel litters lost","litters"
"ecosystem","squirrel_litters_lost","path_donated",-143.199085624157,-408.276706336163,-37.461035603429,0,408.276706336163,1,408.276706336163,0.350740278349975,"Ecosystem (trees and wildlife)","Squirrel litters lost","litters"
"ecosystem","squirrel_litters_lost","shoulders_speed",-89.2061182242502,-278.134127014849,-20.7913378339385,0,278.134127014849,1,408.276706336163,0.218494263424376,"Ecosystem (trees and wildlife)","Squirrel litters lost","litters"
"ecosystem","squirrel_litters_lost","shoulders",-89.2061182242502,-278.134127014849,-20.7913378339385,0,278.134127014849,1,408.276706336163,0.218494263424376,"Ecosystem (trees and wildlife)","Squirrel litters lost","litters"
"ecosystem","squirrel_litters_lost","carriage_path",-143.199085624157,-408.276706336163,-37.461035603429,0,408.276706336163,1,408.276706336163,0.350740278349975,"Ecosystem (trees and wildlife)","Squirrel litters lost","litters"
"ecosystem","squirrel_litters_lost","path_oneoff_annual",-143.199085624157,-408.276706336163,-37.461035603429,0,408.276706336163,1,408.276706336163,0.350740278349975,"Ecosystem (trees and wildlife)","Squirrel litters lost","litters"
"ecosystem","squirrel_litters_lost","partial_path",-57.2796342496627,-163.310682534465,-14.9844142413716,0,163.310682534465,1,408.276706336163,0.14029611133999,"Ecosystem (trees and wildlife)","Squirrel litters lost","litters"
"ecosystem","squirrel_litters_lost","path_mitigated",-74.9845901258887,-220.526389986362,-18.7171841874619,0,220.526389986362,1,408.276706336163,0.183661200754736,"Ecosystem (trees and wildlife)","Squirrel litters lost","litters"
"ecosystem","squirrel_litters_lost","path_annual",-143.199085624157,-408.276706336163,-37.461035603429,0,408.276706336163,1,408.276706336163,0.350740278349975,"Ecosystem (trees and wildlife)","Squirrel litters lost","litters"
"ecosystem","roadkill_change","path_compensated",33.2198700754433,3.03705227694538,140.69507686383,0.988,140.69507686383,0.976,140.69507686383,0.236112526578273,"Ecosystem (trees and wildlife)","Road deaths avoided","animals"
"ecosystem","roadkill_change","carriage_path",33.2198700754433,3.03705227694538,140.69507686383,0.988,140.69507686383,0.976,140.69507686383,0.236112526578273,"Ecosystem (trees and wildlife)","Road deaths avoided","animals"
"ecosystem","roadkill_change","path_donated",33.2198700754433,3.03705227694538,140.69507686383,0.988,140.69507686383,0.976,140.69507686383,0.236112526578273,"Ecosystem (trees and wildlife)","Road deaths avoided","animals"
"ecosystem","roadkill_change","path_cost_sharing",33.2198700754433,3.03705227694538,140.69507686383,0.988,140.69507686383,0.976,140.69507686383,0.236112526578273,"Ecosystem (trees and wildlife)","Road deaths avoided","animals"
"ecosystem","roadkill_change","shoulders_speed",6.67404060991686,0.677635902115134,27.4829412923216,0.99,27.4829412923216,0.98,140.69507686383,0.0474362057200923,"Ecosystem (trees and wildlife)","Road deaths avoided","animals"
"ecosystem","roadkill_change","partial_path",13.2879480301773,1.21482091077815,56.2780307455322,0.988,56.2780307455322,0.976,140.69507686383,0.0944450106313092,"Ecosystem (trees and wildlife)","Road deaths avoided","animals"
"ecosystem","roadkill_change","shoulders",6.67404060991686,0.677635902115134,27.4829412923216,0.99,27.4829412923216,0.98,140.69507686383,0.0474362057200923,"Ecosystem (trees and wildlife)","Road deaths avoided","animals"
"ecosystem","roadkill_change","path_annual",33.2198700754433,3.03705227694538,140.69507686383,0.988,140.69507686383,0.976,140.69507686383,0.236112526578273,"Ecosystem (trees and wildlife)","Road deaths avoided","animals"
"ecosystem","roadkill_change","path_oneoff_annual",33.2198700754433,3.03705227694538,140.69507686383,0.988,140.69507686383,0.976,140.69507686383,0.236112526578273,"Ecosystem (trees and wildlife)","Road deaths avoided","animals"
"ecosystem","roadkill_change","path_mitigated",33.2198700754433,3.03705227694538,140.69507686383,0.988,140.69507686383,0.976,140.69507686383,0.236112526578273,"Ecosystem (trees and wildlife)","Road deaths avoided","animals"
"ecosystem","disturbance_events","path_compensated",-1186.37133704983,-3742.34232205775,-160.908448963832,0.00266666666666667,3742.34232205775,0.994666666666667,3742.34232205775,0.317013045561662,"Ecosystem (trees and wildlife)","Trail disturbance events","events"
"ecosystem","disturbance_events","path_cost_sharing",-1186.37133704983,-3742.34232205775,-160.908448963832,0.00266666666666667,3742.34232205775,0.994666666666667,3742.34232205775,0.317013045561662,"Ecosystem (trees and wildlife)","Trail disturbance events","events"
"ecosystem","disturbance_events","path_oneoff_annual",-1186.37133704983,-3742.34232205775,-160.908448963832,0.00266666666666667,3742.34232205775,0.994666666666667,3742.34232205775,0.317013045561662,"Ecosystem (trees and wildlife)","Trail disturbance events","events"
"ecosystem","disturbance_events","shoulders_speed",0,0,0,0,0,1,3742.34232205775,0,"Ecosystem (trees and wildlife)","Trail disturbance events","events"
"ecosystem","disturbance_events","shoulders",0,0,0,0,0,1,3742.34232205775,0,"Ecosystem (trees and wildlife)","Trail disturbance events","events"
"ecosystem","disturbance_events","path_annual",-1186.37133704983,-3742.34232205775,-160.908448963832,0.00266666666666667,3742.34232205775,0.994666666666667,3742.34232205775,0.317013045561662,"Ecosystem (trees and wildlife)","Trail disturbance events","events"
"ecosystem","disturbance_events","path_donated",-1186.37133704983,-3742.34232205775,-160.908448963832,0.00266666666666667,3742.34232205775,0.994666666666667,3742.34232205775,0.317013045561662,"Ecosystem (trees and wildlife)","Trail disturbance events","events"
"ecosystem","disturbance_events","partial_path",-189.819413927972,-598.77477152924,-25.7453518342131,0.00266666666666667,598.77477152924,0.994666666666667,3742.34232205775,0.0507220872898659,"Ecosystem (trees and wildlife)","Trail disturbance events","events"
"ecosystem","disturbance_events","carriage_path",-1186.37133704983,-3742.34232205775,-160.908448963832,0.00266666666666667,3742.34232205775,0.994666666666667,3742.34232205775,0.317013045561662,"Ecosystem (trees and wildlife)","Trail disturbance events","events"
"ecosystem","disturbance_events","path_mitigated",-1186.37133704983,-3742.34232205775,-160.908448963832,0.00266666666666667,3742.34232205775,0.994666666666667,3742.34232205775,0.317013045561662,"Ecosystem (trees and wildlife)","Trail disturbance events","events"
"cyclists","injuries_avoided_count","path_cost_sharing",4.94652928305096,-4.66237729197306,24.0453890358918,0.844666666666667,24.1539178648764,0.689333333333333,24.1539178648764,0.204792005616778,"Cyclists","Injury crashes avoided","crashes"
"cyclists","injuries_avoided_count","shoulders",1.2720292598137,-5.15885876745769,10.967013105184,0.702666666666667,11.6165081768399,0.405333333333333,24.1539178648764,0.0526634754216597,"Cyclists","Injury crashes avoided","crashes"
"cyclists","injuries_avoided_count","path_annual",4.94652928305096,-4.66237729197306,24.0453890358918,0.844666666666667,24.1539178648764,0.689333333333333,24.1539178648764,0.204792005616778,"Cyclists","Injury crashes avoided","crashes"
"cyclists","injuries_avoided_count","carriage_path",4.94652928305096,-4.66237729197306,24.0453890358918,0.844666666666667,24.1539178648764,0.689333333333333,24.1539178648764,0.204792005616778,"Cyclists","Injury crashes avoided","crashes"
"cyclists","injuries_avoided_count","path_donated",4.94652928305096,-4.66237729197306,24.0453890358918,0.844666666666667,24.1539178648764,0.689333333333333,24.1539178648764,0.204792005616778,"Cyclists","Injury crashes avoided","crashes"
"cyclists","injuries_avoided_count","partial_path",-2.78861914725431,-16.6796427332704,4.11436501093341,0.201333333333333,16.7751829769906,0.597333333333333,24.1539178648764,0.115452042308606,"Cyclists","Injury crashes avoided","crashes"
"cyclists","injuries_avoided_count","path_compensated",4.94652928305096,-4.66237729197306,24.0453890358918,0.844666666666667,24.1539178648764,0.689333333333333,24.1539178648764,0.204792005616778,"Cyclists","Injury crashes avoided","crashes"
"cyclists","injuries_avoided_count","path_mitigated",4.94652928305096,-4.66237729197306,24.0453890358918,0.844666666666667,24.1539178648764,0.689333333333333,24.1539178648764,0.204792005616778,"Cyclists","Injury crashes avoided","crashes"
"cyclists","injuries_avoided_count","path_oneoff_annual",4.94652928305096,-4.66237729197306,24.0453890358918,0.844666666666667,24.1539178648764,0.689333333333333,24.1539178648764,0.204792005616778,"Cyclists","Injury crashes avoided","crashes"
"cyclists","injuries_avoided_count","shoulders_speed",3.5375426869005,-1.10421530213817,15.6134730111506,0.903333333333333,15.6825492054766,0.806666666666667,24.1539178648764,0.146458338837222,"Cyclists","Injury crashes avoided","crashes"
"cyclists","injury_cost_avoided_usd","path_cost_sharing",130603.565997848,-158174.207617202,955588.718073936,0.844666666666667,959156.481529253,0.689333333333333,959156.481529253,0.136165024699221,"Cyclists","Injury cost avoided","USD"
"cyclists","injury_cost_avoided_usd","path_donated",130603.565997848,-158174.207617202,955588.718073936,0.844666666666667,959156.481529253,0.689333333333333,959156.481529253,0.136165024699221,"Cyclists","Injury cost avoided","USD"
"cyclists","injury_cost_avoided_usd","shoulders",32234.9241389929,-178659.717204262,384568.608970396,0.702666666666667,418480.87158783,0.405333333333333,959156.481529253,0.0336075757811681,"Cyclists","Injury cost avoided","USD"
"cyclists","injury_cost_avoided_usd","partial_path",-72574.3746529755,-594078.678193843,138421.642227889,0.201333333333333,603756.733065192,0.597333333333333,959156.481529253,0.0756647909392896,"Cyclists","Injury cost avoided","USD"
"cyclists","injury_cost_avoided_usd","path_compensated",130603.565997848,-158174.207617202,955588.718073936,0.844666666666667,959156.481529253,0.689333333333333,959156.481529253,0.136165024699221,"Cyclists","Injury cost avoided","USD"
"cyclists","injury_cost_avoided_usd","path_annual",130603.565997848,-158174.207617202,955588.718073936,0.844666666666667,959156.481529253,0.689333333333333,959156.481529253,0.136165024699221,"Cyclists","Injury cost avoided","USD"
"cyclists","injury_cost_avoided_usd","path_mitigated",130603.565997848,-158174.207617202,955588.718073936,0.844666666666667,959156.481529253,0.689333333333333,959156.481529253,0.136165024699221,"Cyclists","Injury cost avoided","USD"
"cyclists","injury_cost_avoided_usd","carriage_path",130603.565997848,-158174.207617202,955588.718073936,0.844666666666667,959156.481529253,0.689333333333333,959156.481529253,0.136165024699221,"Cyclists","Injury cost avoided","USD"
"cyclists","injury_cost_avoided_usd","shoulders_speed",103289.260640212,-30003.4971950856,590444.415457262,0.903333333333333,592069.140616954,0.806666666666667,959156.481529253,0.10768760116757,"Cyclists","Injury cost avoided","USD"
"cyclists","injury_cost_avoided_usd","path_oneoff_annual",130603.565997848,-158174.207617202,955588.718073936,0.844666666666667,959156.481529253,0.689333333333333,959156.481529253,0.136165024699221,"Cyclists","Injury cost avoided","USD"
"cyclists","health_benefit_usd","path_compensated",1136810.41534801,126697.080192889,3883288.53400386,0.988,3883288.53400386,0.976,3883288.53400386,0.292744256676673,"Cyclists","Health benefit of added riding","USD"
"cyclists","health_benefit_usd","partial_path",454724.166139203,50678.8320771558,1553315.41360154,0.988,1553315.41360154,0.976,3883288.53400386,0.117097702670669,"Cyclists","Health benefit of added riding","USD"
"cyclists","health_benefit_usd","path_annual",1136810.41534801,126697.080192889,3883288.53400386,0.988,3883288.53400386,0.976,3883288.53400386,0.292744256676673,"Cyclists","Health benefit of added riding","USD"
"cyclists","health_benefit_usd","path_cost_sharing",1136810.41534801,126697.080192889,3883288.53400386,0.988,3883288.53400386,0.976,3883288.53400386,0.292744256676673,"Cyclists","Health benefit of added riding","USD"
"cyclists","health_benefit_usd","path_mitigated",1136810.41534801,126697.080192889,3883288.53400386,0.988,3883288.53400386,0.976,3883288.53400386,0.292744256676673,"Cyclists","Health benefit of added riding","USD"
"cyclists","health_benefit_usd","path_oneoff_annual",1136810.41534801,126697.080192889,3883288.53400386,0.988,3883288.53400386,0.976,3883288.53400386,0.292744256676673,"Cyclists","Health benefit of added riding","USD"
"cyclists","health_benefit_usd","carriage_path",1136810.41534801,126697.080192889,3883288.53400386,0.988,3883288.53400386,0.976,3883288.53400386,0.292744256676673,"Cyclists","Health benefit of added riding","USD"
"cyclists","health_benefit_usd","path_donated",1136810.41534801,126697.080192889,3883288.53400386,0.988,3883288.53400386,0.976,3883288.53400386,0.292744256676673,"Cyclists","Health benefit of added riding","USD"
"cyclists","health_benefit_usd","shoulders_speed",227038.058031598,28070.8975594397,745288.480618543,0.99,745288.480618543,0.98,3883288.53400386,0.0584654104487856,"Cyclists","Health benefit of added riding","USD"
"cyclists","health_benefit_usd","shoulders",227038.058031598,28070.8975594397,745288.480618543,0.99,745288.480618543,0.98,3883288.53400386,0.0584654104487856,"Cyclists","Health benefit of added riding","USD"
"cyclists","wellbeing_pts","shoulders_speed",17530.1841930669,4260.78993034039,43907.3150637943,0.999333333333333,43907.3150637943,0.998666666666667,185250.372432139,0.0946296839402499,"Cyclists","Wellbeing (freedom, less fear)","wellbeing pts"
"cyclists","wellbeing_pts","path_annual",70612.7766569824,18177.918552297,185250.372432139,0.998666666666667,185250.372432139,0.997333333333333,185250.372432139,0.381174816168585,"Cyclists","Wellbeing (freedom, less fear)","wellbeing pts"
"cyclists","wellbeing_pts","carriage_path",70612.7766569824,18177.918552297,185250.372432139,0.998666666666667,185250.372432139,0.997333333333333,185250.372432139,0.381174816168585,"Cyclists","Wellbeing (freedom, less fear)","wellbeing pts"
"cyclists","wellbeing_pts","shoulders",17530.1841930669,4260.78993034039,43907.3150637943,0.999333333333333,43907.3150637943,0.998666666666667,185250.372432139,0.0946296839402499,"Cyclists","Wellbeing (freedom, less fear)","wellbeing pts"
"cyclists","wellbeing_pts","partial_path",33858.3287983304,8535.4257336069,85447.3672737458,1,85447.3672737458,1,185250.372432139,0.182770638211448,"Cyclists","Wellbeing (freedom, less fear)","wellbeing pts"
"cyclists","wellbeing_pts","path_donated",70612.7766569824,18177.918552297,185250.372432139,0.998666666666667,185250.372432139,0.997333333333333,185250.372432139,0.381174816168585,"Cyclists","Wellbeing (freedom, less fear)","wellbeing pts"
"cyclists","wellbeing_pts","path_cost_sharing",70612.7766569824,18177.918552297,185250.372432139,0.998666666666667,185250.372432139,0.997333333333333,185250.372432139,0.381174816168585,"Cyclists","Wellbeing (freedom, less fear)","wellbeing pts"
"cyclists","wellbeing_pts","path_oneoff_annual",70612.7766569824,18177.918552297,185250.372432139,0.998666666666667,185250.372432139,0.997333333333333,185250.372432139,0.381174816168585,"Cyclists","Wellbeing (freedom, less fear)","wellbeing pts"
"cyclists","wellbeing_pts","path_compensated",70612.7766569824,18177.918552297,185250.372432139,0.998666666666667,185250.372432139,0.997333333333333,185250.372432139,0.381174816168585,"Cyclists","Wellbeing (freedom, less fear)","wellbeing pts"
"cyclists","wellbeing_pts","path_mitigated",70612.7766569824,18177.918552297,185250.372432139,0.998666666666667,185250.372432139,0.997333333333333,185250.372432139,0.381174816168585,"Cyclists","Wellbeing (freedom, less fear)","wellbeing pts"
"hikers_walkers","access_gain_pts","partial_path",4530.11436492473,302.568642248973,15359.321534819,0.976,15359.321534819,0.952,38398.3038370474,0.117976939402047,"Hikers and walkers","Safer access to trailheads","wellbeing pts"
"hikers_walkers","access_gain_pts","carriage_path",11325.2859123118,756.421605622433,38398.3038370474,0.976,38398.3038370474,0.952,38398.3038370474,0.294942348505117,"Hikers and walkers","Safer access to trailheads","wellbeing pts"
"hikers_walkers","access_gain_pts","shoulders_speed",1018.01602627795,-0.452429670977317,3580.18873779103,0.949333333333333,3580.18873779103,0.898666666666667,38398.3038370474,0.026512005077051,"Hikers and walkers","Safer access to trailheads","wellbeing pts"
"hikers_walkers","access_gain_pts","shoulders",1018.01602627795,-0.452429670977317,3580.18873779103,0.949333333333333,3580.18873779103,0.898666666666667,38398.3038370474,0.026512005077051,"Hikers and walkers","Safer access to trailheads","wellbeing pts"
"hikers_walkers","access_gain_pts","path_donated",11325.2859123118,756.421605622433,38398.3038370474,0.976,38398.3038370474,0.952,38398.3038370474,0.294942348505117,"Hikers and walkers","Safer access to trailheads","wellbeing pts"
"hikers_walkers","access_gain_pts","path_cost_sharing",11325.2859123118,756.421605622433,38398.3038370474,0.976,38398.3038370474,0.952,38398.3038370474,0.294942348505117,"Hikers and walkers","Safer access to trailheads","wellbeing pts"
"hikers_walkers","access_gain_pts","path_mitigated",11325.2859123118,756.421605622433,38398.3038370474,0.976,38398.3038370474,0.952,38398.3038370474,0.294942348505117,"Hikers and walkers","Safer access to trailheads","wellbeing pts"
"hikers_walkers","access_gain_pts","path_oneoff_annual",11325.2859123118,756.421605622433,38398.3038370474,0.976,38398.3038370474,0.952,38398.3038370474,0.294942348505117,"Hikers and walkers","Safer access to trailheads","wellbeing pts"
"hikers_walkers","access_gain_pts","path_compensated",11325.2859123118,756.421605622433,38398.3038370474,0.976,38398.3038370474,0.952,38398.3038370474,0.294942348505117,"Hikers and walkers","Safer access to trailheads","wellbeing pts"
"hikers_walkers","access_gain_pts","path_annual",11325.2859123118,756.421605622433,38398.3038370474,0.976,38398.3038370474,0.952,38398.3038370474,0.294942348505117,"Hikers and walkers","Safer access to trailheads","wellbeing pts"
"hikers_walkers","solitude_loss_pts","carriage_path",-6164.31394164025,-25565.1927003664,-514.046464297777,0.012,25565.1927003664,0.976,25565.1927003664,0.241121356443048,"Hikers and walkers","Loss of solitude","wellbeing pts"
"hikers_walkers","solitude_loss_pts","shoulders_speed",0,0,0,0,0,1,25565.1927003664,0,"Hikers and walkers","Loss of solitude","wellbeing pts"
"hikers_walkers","solitude_loss_pts","partial_path",-986.29023066244,-4090.43083205862,-82.2474342876444,0.012,4090.43083205862,0.976,25565.1927003664,0.0385794170308877,"Hikers and walkers","Loss of solitude","wellbeing pts"
"hikers_walkers","solitude_loss_pts","path_donated",-6164.31394164025,-25565.1927003664,-514.046464297777,0.012,25565.1927003664,0.976,25565.1927003664,0.241121356443048,"Hikers and walkers","Loss of solitude","wellbeing pts"
"hikers_walkers","solitude_loss_pts","path_annual",-6164.31394164025,-25565.1927003664,-514.046464297777,0.012,25565.1927003664,0.976,25565.1927003664,0.241121356443048,"Hikers and walkers","Loss of solitude","wellbeing pts"
"hikers_walkers","solitude_loss_pts","path_mitigated",-6164.31394164025,-25565.1927003664,-514.046464297777,0.012,25565.1927003664,0.976,25565.1927003664,0.241121356443048,"Hikers and walkers","Loss of solitude","wellbeing pts"
"hikers_walkers","solitude_loss_pts","path_oneoff_annual",-6164.31394164025,-25565.1927003664,-514.046464297777,0.012,25565.1927003664,0.976,25565.1927003664,0.241121356443048,"Hikers and walkers","Loss of solitude","wellbeing pts"
"hikers_walkers","solitude_loss_pts","path_compensated",-6164.31394164025,-25565.1927003664,-514.046464297777,0.012,25565.1927003664,0.976,25565.1927003664,0.241121356443048,"Hikers and walkers","Loss of solitude","wellbeing pts"
"hikers_walkers","solitude_loss_pts","shoulders",0,0,0,0,0,1,25565.1927003664,0,"Hikers and walkers","Loss of solitude","wellbeing pts"
"hikers_walkers","solitude_loss_pts","path_cost_sharing",-6164.31394164025,-25565.1927003664,-514.046464297777,0.012,25565.1927003664,0.976,25565.1927003664,0.241121356443048,"Hikers and walkers","Loss of solitude","wellbeing pts"
"hikers_walkers","conflict_incidents","path_annual",-38.5418204907369,-163.713436278234,-2.1125892222045,0.012,163.713436278234,0.976,163.713436278234,0.235422463585911,"Hikers and walkers","Bike-hiker conflict incidents","incidents"
"hikers_walkers","conflict_incidents","carriage_path",-38.5418204907369,-163.713436278234,-2.1125892222045,0.012,163.713436278234,0.976,163.713436278234,0.235422463585911,"Hikers and walkers","Bike-hiker conflict incidents","incidents"
"hikers_walkers","conflict_incidents","shoulders_speed",0,0,0,0,0,1,163.713436278234,0,"Hikers and walkers","Bike-hiker conflict incidents","incidents"
"hikers_walkers","conflict_incidents","path_donated",-38.5418204907369,-163.713436278234,-2.1125892222045,0.012,163.713436278234,0.976,163.713436278234,0.235422463585911,"Hikers and walkers","Bike-hiker conflict incidents","incidents"
"hikers_walkers","conflict_incidents","path_mitigated",-38.5418204907369,-163.713436278234,-2.1125892222045,0.012,163.713436278234,0.976,163.713436278234,0.235422463585911,"Hikers and walkers","Bike-hiker conflict incidents","incidents"
"hikers_walkers","conflict_incidents","path_oneoff_annual",-38.5418204907369,-163.713436278234,-2.1125892222045,0.012,163.713436278234,0.976,163.713436278234,0.235422463585911,"Hikers and walkers","Bike-hiker conflict incidents","incidents"
"hikers_walkers","conflict_incidents","path_compensated",-38.5418204907369,-163.713436278234,-2.1125892222045,0.012,163.713436278234,0.976,163.713436278234,0.235422463585911,"Hikers and walkers","Bike-hiker conflict incidents","incidents"
"hikers_walkers","conflict_incidents","partial_path",-6.16669127851791,-26.1941498045175,-0.33801427555272,0.012,26.1941498045175,0.976,163.713436278234,0.0376675941737457,"Hikers and walkers","Bike-hiker conflict incidents","incidents"
"hikers_walkers","conflict_incidents","path_cost_sharing",-38.5418204907369,-163.713436278234,-2.1125892222045,0.012,163.713436278234,0.976,163.713436278234,0.235422463585911,"Hikers and walkers","Bike-hiker conflict incidents","incidents"
"hikers_walkers","conflict_incidents","shoulders",0,0,0,0,0,1,163.713436278234,0,"Hikers and walkers","Bike-hiker conflict incidents","incidents"
"hikers_walkers","wild_character_loss_pts","partial_path",-2.37621039608225,-6.48346803887234,-0.371614426572195,0,6.48346803887234,1,16.2086700971808,0.146601194412337,"Hikers and walkers","Loss of wild character","wellbeing pts"
"hikers_walkers","wild_character_loss_pts","carriage_path",-5.94052599020562,-16.2086700971808,-0.929036066430488,0,16.2086700971808,1,16.2086700971808,0.366502986030844,"Hikers and walkers","Loss of wild character","wellbeing pts"
"hikers_walkers","wild_character_loss_pts","shoulders",-1.8630891312485,-5.18661194212123,-0.26890940031997,0,5.18661194212123,1,16.2086700971808,0.114943984921536,"Hikers and walkers","Loss of wild character","wellbeing pts"
"hikers_walkers","wild_character_loss_pts","path_donated",-5.94052599020562,-16.2086700971808,-0.929036066430488,0,16.2086700971808,1,16.2086700971808,0.366502986030844,"Hikers and walkers","Loss of wild character","wellbeing pts"
"hikers_walkers","wild_character_loss_pts","path_annual",-5.94052599020562,-16.2086700971808,-0.929036066430488,0,16.2086700971808,1,16.2086700971808,0.366502986030844,"Hikers and walkers","Loss of wild character","wellbeing pts"
"hikers_walkers","wild_character_loss_pts","shoulders_speed",-1.8630891312485,-5.18661194212123,-0.26890940031997,0,5.18661194212123,1,16.2086700971808,0.114943984921536,"Hikers and walkers","Loss of wild character","wellbeing pts"
"hikers_walkers","wild_character_loss_pts","path_compensated",-5.94052599020562,-16.2086700971808,-0.929036066430488,0,16.2086700971808,1,16.2086700971808,0.366502986030844,"Hikers and walkers","Loss of wild character","wellbeing pts"
"hikers_walkers","wild_character_loss_pts","path_mitigated",-2.49502091588636,-6.80764144081595,-0.390195147900805,0,6.80764144081595,1,16.2086700971808,0.153931254132954,"Hikers and walkers","Loss of wild character","wellbeing pts"
"hikers_walkers","wild_character_loss_pts","path_cost_sharing",-5.94052599020562,-16.2086700971808,-0.929036066430488,0,16.2086700971808,1,16.2086700971808,0.366502986030844,"Hikers and walkers","Loss of wild character","wellbeing pts"
"hikers_walkers","wild_character_loss_pts","path_oneoff_annual",-5.94052599020562,-16.2086700971808,-0.929036066430488,0,16.2086700971808,1,16.2086700971808,0.366502986030844,"Hikers and walkers","Loss of wild character","wellbeing pts"
"drivers_residents","delay_saving_usd","carriage_path",33544.1824013798,-36277.724251514,184804.125152901,0.832,189379.80082433,0.664,189379.80082433,0.177126505864771,"Drivers and road residents","Delay time saved","USD"
"drivers_residents","delay_saving_usd","partial_path",-12242.6781716669,-85766.4819414015,16479.5705178308,0.210666666666667,86607.9343445624,0.578666666666667,189379.80082433,0.0646461666892514,"Drivers and road residents","Delay time saved","USD"
"drivers_residents","delay_saving_usd","path_donated",33544.1824013798,-36277.724251514,184804.125152901,0.832,189379.80082433,0.664,189379.80082433,0.177126505864771,"Drivers and road residents","Delay time saved","USD"
"drivers_residents","delay_saving_usd","path_annual",33544.1824013798,-36277.724251514,184804.125152901,0.832,189379.80082433,0.664,189379.80082433,0.177126505864771,"Drivers and road residents","Delay time saved","USD"
"drivers_residents","delay_saving_usd","shoulders_speed",-18752.9154254724,-81322.1175447109,-2156.01393944051,0.01,81322.1175447108,0.98,189379.80082433,0.0990227856605878,"Drivers and road residents","Delay time saved","USD"
"drivers_residents","delay_saving_usd","path_oneoff_annual",33544.1824013798,-36277.724251514,184804.125152901,0.832,189379.80082433,0.664,189379.80082433,0.177126505864771,"Drivers and road residents","Delay time saved","USD"
"drivers_residents","delay_saving_usd","path_compensated",33544.1824013798,-36277.724251514,184804.125152901,0.832,189379.80082433,0.664,189379.80082433,0.177126505864771,"Drivers and road residents","Delay time saved","USD"
"drivers_residents","delay_saving_usd","shoulders",-18752.9154254724,-81322.1175447109,-2156.01393944051,0.01,81322.1175447108,0.98,189379.80082433,0.0990227856605878,"Drivers and road residents","Delay time saved","USD"
"drivers_residents","delay_saving_usd","path_mitigated",33544.1824013798,-36277.724251514,184804.125152901,0.832,189379.80082433,0.664,189379.80082433,0.177126505864771,"Drivers and road residents","Delay time saved","USD"
"drivers_residents","delay_saving_usd","path_cost_sharing",33544.1824013798,-36277.724251514,184804.125152901,0.832,189379.80082433,0.664,189379.80082433,0.177126505864771,"Drivers and road residents","Delay time saved","USD"
"drivers_residents","near_miss_stress_pts","path_oneoff_annual",477.204023295647,-532.403164803777,2707.54089788566,0.832,2766.52106621404,0.664,2766.52106621404,0.172492459617774,"Drivers and road residents","Near-miss stress relief","wellbeing pts"
"drivers_residents","near_miss_stress_pts","path_donated",477.204023295647,-532.403164803777,2707.54089788566,0.832,2766.52106621404,0.664,2766.52106621404,0.172492459617774,"Drivers and road residents","Near-miss stress relief","wellbeing pts"
"drivers_residents","near_miss_stress_pts","path_annual",477.204023295647,-532.403164803777,2707.54089788566,0.832,2766.52106621404,0.664,2766.52106621404,0.172492459617774,"Drivers and road residents","Near-miss stress relief","wellbeing pts"
"drivers_residents","near_miss_stress_pts","shoulders_speed",-278.726618664951,-1257.10896514721,-18.5181470353852,0.01,1257.10896514721,0.98,2766.52106621404,0.100749863092995,"Drivers and road residents","Near-miss stress relief","wellbeing pts"
"drivers_residents","near_miss_stress_pts","carriage_path",477.204023295647,-532.403164803777,2707.54089788566,0.832,2766.52106621404,0.664,2766.52106621404,0.172492459617774,"Drivers and road residents","Near-miss stress relief","wellbeing pts"
"drivers_residents","near_miss_stress_pts","path_compensated",477.204023295647,-532.403164803777,2707.54089788566,0.832,2766.52106621404,0.664,2766.52106621404,0.172492459617774,"Drivers and road residents","Near-miss stress relief","wellbeing pts"
"drivers_residents","near_miss_stress_pts","partial_path",-158.203758274938,-1400.90474155836,266.012021342127,0.210666666666667,1405.00489516983,0.578666666666667,2766.52106621404,0.0571850907650734,"Drivers and road residents","Near-miss stress relief","wellbeing pts"
"drivers_residents","near_miss_stress_pts","path_mitigated",477.204023295647,-532.403164803777,2707.54089788566,0.832,2766.52106621404,0.664,2766.52106621404,0.172492459617774,"Drivers and road residents","Near-miss stress relief","wellbeing pts"
"drivers_residents","near_miss_stress_pts","path_cost_sharing",477.204023295647,-532.403164803777,2707.54089788566,0.832,2766.52106621404,0.664,2766.52106621404,0.172492459617774,"Drivers and road residents","Near-miss stress relief","wellbeing pts"
"drivers_residents","near_miss_stress_pts","shoulders",-278.726618664951,-1257.10896514721,-18.5181470353852,0.01,1257.10896514721,0.98,2766.52106621404,0.100749863092995,"Drivers and road residents","Near-miss stress relief","wellbeing pts"
"drivers_residents","winter_driving_cost_usd","shoulders_speed",-41634.2099103926,-97629.7891328016,-1041.67118900066,0.04,97629.7891328016,0.92,97629.7891328016,0.426449860029498,"Drivers and road residents","Winter narrowing cost","USD"
"drivers_residents","winter_driving_cost_usd","path_donated",0,0,0,0,0,1,97629.7891328016,0,"Drivers and road residents","Winter narrowing cost","USD"
"drivers_residents","winter_driving_cost_usd","path_annual",0,0,0,0,0,1,97629.7891328016,0,"Drivers and road residents","Winter narrowing cost","USD"
"drivers_residents","winter_driving_cost_usd","carriage_path",0,0,0,0,0,1,97629.7891328016,0,"Drivers and road residents","Winter narrowing cost","USD"
"drivers_residents","winter_driving_cost_usd","path_compensated",0,0,0,0,0,1,97629.7891328016,0,"Drivers and road residents","Winter narrowing cost","USD"
"drivers_residents","winter_driving_cost_usd","shoulders",-41634.2099103926,-97629.7891328016,-1041.67118900066,0.04,97629.7891328016,0.92,97629.7891328016,0.426449860029498,"Drivers and road residents","Winter narrowing cost","USD"
"drivers_residents","winter_driving_cost_usd","partial_path",0,0,0,0,0,1,97629.7891328016,0,"Drivers and road residents","Winter narrowing cost","USD"
"drivers_residents","winter_driving_cost_usd","path_cost_sharing",0,0,0,0,0,1,97629.7891328016,0,"Drivers and road residents","Winter narrowing cost","USD"
"drivers_residents","winter_driving_cost_usd","path_oneoff_annual",0,0,0,0,0,1,97629.7891328016,0,"Drivers and road residents","Winter narrowing cost","USD"
"drivers_residents","winter_driving_cost_usd","path_mitigated",0,0,0,0,0,1,97629.7891328016,0,"Drivers and road residents","Winter narrowing cost","USD"
"drivers_residents","speed_delay_cost_usd","partial_path",0,0,0,0,0,1,7040007.44173474,0,"Drivers and road residents","Lower speed limit delay","USD"
"drivers_residents","speed_delay_cost_usd","path_mitigated",0,0,0,0,0,1,7040007.44173474,0,"Drivers and road residents","Lower speed limit delay","USD"
"drivers_residents","speed_delay_cost_usd","path_compensated",0,0,0,0,0,1,7040007.44173474,0,"Drivers and road residents","Lower speed limit delay","USD"
"drivers_residents","speed_delay_cost_usd","path_cost_sharing",0,0,0,0,0,1,7040007.44173474,0,"Drivers and road residents","Lower speed limit delay","USD"
"drivers_residents","speed_delay_cost_usd","path_annual",0,0,0,0,0,1,7040007.44173474,0,"Drivers and road residents","Lower speed limit delay","USD"
"drivers_residents","speed_delay_cost_usd","shoulders_speed",-2905823.05433689,-7040007.44173474,-873318.420072386,0,7040007.44173474,1,7040007.44173474,0.412758520269527,"Drivers and road residents","Lower speed limit delay","USD"
"drivers_residents","speed_delay_cost_usd","carriage_path",0,0,0,0,0,1,7040007.44173474,0,"Drivers and road residents","Lower speed limit delay","USD"
"drivers_residents","speed_delay_cost_usd","path_oneoff_annual",0,0,0,0,0,1,7040007.44173474,0,"Drivers and road residents","Lower speed limit delay","USD"
"drivers_residents","speed_delay_cost_usd","shoulders",0,0,0,0,0,1,7040007.44173474,0,"Drivers and road residents","Lower speed limit delay","USD"
"drivers_residents","speed_delay_cost_usd","path_donated",0,0,0,0,0,1,7040007.44173474,0,"Drivers and road residents","Lower speed limit delay","USD"
"snowbowl","operating_margin_usd","path_annual",200867.641698836,17283.0197382121,832014.099194233,0.988,832014.099194233,0.976,832014.099194233,0.241423362769173,"Camden Snow Bowl","Added operating margin","USD"
"snowbowl","operating_margin_usd","path_mitigated",200867.641698836,17283.0197382121,832014.099194233,0.988,832014.099194233,0.976,832014.099194233,0.241423362769173,"Camden Snow Bowl","Added operating margin","USD"
"snowbowl","operating_margin_usd","path_cost_sharing",200867.641698836,17283.0197382121,832014.099194233,0.988,832014.099194233,0.976,832014.099194233,0.241423362769173,"Camden Snow Bowl","Added operating margin","USD"
"snowbowl","operating_margin_usd","shoulders_speed",41053.9211695332,4111.2468720935,175364.687396737,0.99,175364.687396737,0.98,832014.099194233,0.0493428190811815,"Camden Snow Bowl","Added operating margin","USD"
"snowbowl","operating_margin_usd","path_oneoff_annual",200867.641698836,17283.0197382121,832014.099194233,0.988,832014.099194233,0.976,832014.099194233,0.241423362769173,"Camden Snow Bowl","Added operating margin","USD"
"snowbowl","operating_margin_usd","path_donated",200867.641698836,17283.0197382121,832014.099194233,0.988,832014.099194233,0.976,832014.099194233,0.241423362769173,"Camden Snow Bowl","Added operating margin","USD"
"snowbowl","operating_margin_usd","shoulders",41053.9211695332,4111.2468720935,175364.687396737,0.99,175364.687396737,0.98,832014.099194233,0.0493428190811815,"Camden Snow Bowl","Added operating margin","USD"
"snowbowl","operating_margin_usd","partial_path",80347.0566795343,6913.20789528483,332805.639677693,0.988,332805.639677693,0.976,832014.099194233,0.0965693451076691,"Camden Snow Bowl","Added operating margin","USD"
"snowbowl","operating_margin_usd","path_compensated",200867.641698836,17283.0197382121,832014.099194233,0.988,832014.099194233,0.976,832014.099194233,0.241423362769173,"Camden Snow Bowl","Added operating margin","USD"
"snowbowl","operating_margin_usd","carriage_path",200867.641698836,17283.0197382121,832014.099194233,0.988,832014.099194233,0.976,832014.099194233,0.241423362769173,"Camden Snow Bowl","Added operating margin","USD"
"snowbowl","staff_commute_usd","path_mitigated",75952.0320391628,18042.4905047787,179913.225747501,1,179913.225747501,1,179913.225747501,0.422159247735115,"Camden Snow Bowl","Staff commute savings","USD"
"snowbowl","staff_commute_usd","path_annual",75952.0320391628,18042.4905047787,179913.225747501,1,179913.225747501,1,179913.225747501,0.422159247735115,"Camden Snow Bowl","Staff commute savings","USD"
"snowbowl","staff_commute_usd","shoulders_speed",0,0,0,0,0,1,179913.225747501,0,"Camden Snow Bowl","Staff commute savings","USD"
"snowbowl","staff_commute_usd","path_donated",75952.0320391628,18042.4905047787,179913.225747501,1,179913.225747501,1,179913.225747501,0.422159247735115,"Camden Snow Bowl","Staff commute savings","USD"
"snowbowl","staff_commute_usd","shoulders",0,0,0,0,0,1,179913.225747501,0,"Camden Snow Bowl","Staff commute savings","USD"
"snowbowl","staff_commute_usd","path_compensated",75952.0320391628,18042.4905047787,179913.225747501,1,179913.225747501,1,179913.225747501,0.422159247735115,"Camden Snow Bowl","Staff commute savings","USD"
"snowbowl","staff_commute_usd","path_cost_sharing",75952.0320391628,18042.4905047787,179913.225747501,1,179913.225747501,1,179913.225747501,0.422159247735115,"Camden Snow Bowl","Staff commute savings","USD"
"snowbowl","staff_commute_usd","path_oneoff_annual",75952.0320391628,18042.4905047787,179913.225747501,1,179913.225747501,1,179913.225747501,0.422159247735115,"Camden Snow Bowl","Staff commute savings","USD"
"snowbowl","staff_commute_usd","partial_path",30380.8128156651,7216.99620191146,71965.2902990002,1,71965.2902990002,1,179913.225747501,0.168863699094046,"Camden Snow Bowl","Staff commute savings","USD"
"snowbowl","staff_commute_usd","carriage_path",75952.0320391628,18042.4905047787,179913.225747501,1,179913.225747501,1,179913.225747501,0.422159247735115,"Camden Snow Bowl","Staff commute savings","USD"
"snowbowl","liability_usd","shoulders_speed",0,0,0,0,0,1,46405.8904188932,0,"Camden Snow Bowl","Liability and insurance","USD"
"snowbowl","liability_usd","path_cost_sharing",-22958.9826344945,-46405.8904188932,-4936.34821304482,0,46405.8904188932,1,46405.8904188932,0.494742853272508,"Camden Snow Bowl","Liability and insurance","USD"
"snowbowl","liability_usd","shoulders",0,0,0,0,0,1,46405.8904188932,0,"Camden Snow Bowl","Liability and insurance","USD"
"snowbowl","liability_usd","path_compensated",-22958.9826344945,-46405.8904188932,-4936.34821304482,0,46405.8904188932,1,46405.8904188932,0.494742853272508,"Camden Snow Bowl","Liability and insurance","USD"
"snowbowl","liability_usd","path_oneoff_annual",-22958.9826344945,-46405.8904188932,-4936.34821304482,0,46405.8904188932,1,46405.8904188932,0.494742853272508,"Camden Snow Bowl","Liability and insurance","USD"
"snowbowl","liability_usd","partial_path",-9183.59305379782,-18562.3561675573,-1974.53928521793,0,18562.3561675573,1,46405.8904188932,0.197897141309003,"Camden Snow Bowl","Liability and insurance","USD"
"snowbowl","liability_usd","path_mitigated",-22958.9826344945,-46405.8904188932,-4936.34821304482,0,46405.8904188932,1,46405.8904188932,0.494742853272508,"Camden Snow Bowl","Liability and insurance","USD"
"snowbowl","liability_usd","path_annual",-22958.9826344945,-46405.8904188932,-4936.34821304482,0,46405.8904188932,1,46405.8904188932,0.494742853272508,"Camden Snow Bowl","Liability and insurance","USD"
"snowbowl","liability_usd","carriage_path",-22958.9826344945,-46405.8904188932,-4936.34821304482,0,46405.8904188932,1,46405.8904188932,0.494742853272508,"Camden Snow Bowl","Liability and insurance","USD"
"snowbowl","liability_usd","path_donated",-22958.9826344945,-46405.8904188932,-4936.34821304482,0,46405.8904188932,1,46405.8904188932,0.494742853272508,"Camden Snow Bowl","Liability and insurance","USD"
"snowbowl","brand_pts","shoulders_speed",0,0,0,0,0,1,174.583515645069,0,"Camden Snow Bowl","Bike-accessible brand","brand pts"
"snowbowl","brand_pts","path_annual",74.1364993255347,14.9365231548729,174.583515645069,1,174.583515645069,1,174.583515645069,0.424647762714639,"Camden Snow Bowl","Bike-accessible brand","brand pts"
"snowbowl","brand_pts","path_oneoff_annual",74.1364993255347,14.9365231548729,174.583515645069,1,174.583515645069,1,174.583515645069,0.424647762714639,"Camden Snow Bowl","Bike-accessible brand","brand pts"
"snowbowl","brand_pts","partial_path",29.6545997302139,5.97460926194916,69.8334062580276,1,69.8334062580276,1,174.583515645069,0.169859105085855,"Camden Snow Bowl","Bike-accessible brand","brand pts"
"snowbowl","brand_pts","shoulders",0,0,0,0,0,1,174.583515645069,0,"Camden Snow Bowl","Bike-accessible brand","brand pts"
"snowbowl","brand_pts","path_mitigated",74.1364993255347,14.9365231548729,174.583515645069,1,174.583515645069,1,174.583515645069,0.424647762714639,"Camden Snow Bowl","Bike-accessible brand","brand pts"
"snowbowl","brand_pts","carriage_path",74.1364993255347,14.9365231548729,174.583515645069,1,174.583515645069,1,174.583515645069,0.424647762714639,"Camden Snow Bowl","Bike-accessible brand","brand pts"
"snowbowl","brand_pts","path_compensated",74.1364993255347,14.9365231548729,174.583515645069,1,174.583515645069,1,174.583515645069,0.424647762714639,"Camden Snow Bowl","Bike-accessible brand","brand pts"
"snowbowl","brand_pts","path_cost_sharing",74.1364993255347,14.9365231548729,174.583515645069,1,174.583515645069,1,174.583515645069,0.424647762714639,"Camden Snow Bowl","Bike-accessible brand","brand pts"
"snowbowl","brand_pts","path_donated",74.1364993255347,14.9365231548729,174.583515645069,1,174.583515645069,1,174.583515645069,0.424647762714639,"Camden Snow Bowl","Bike-accessible brand","brand pts"
"snowbowl","capital_contribution_usd","path_oneoff_annual",0,0,0,0,0,1,424233.384232781,0,"Camden Snow Bowl","Share of path capital and upkeep (binding agreement)","USD"
"snowbowl","capital_contribution_usd","shoulders_speed",0,0,0,0,0,1,424233.384232781,0,"Camden Snow Bowl","Share of path capital and upkeep (binding agreement)","USD"
"snowbowl","capital_contribution_usd","shoulders",0,0,0,0,0,1,424233.384232781,0,"Camden Snow Bowl","Share of path capital and upkeep (binding agreement)","USD"
"snowbowl","capital_contribution_usd","path_annual",0,0,0,0,0,1,424233.384232781,0,"Camden Snow Bowl","Share of path capital and upkeep (binding agreement)","USD"
"snowbowl","capital_contribution_usd","path_cost_sharing",-143883.306867566,-424233.384232781,-31143.4305216855,0,424233.384232781,1,424233.384232781,0.339160736083458,"Camden Snow Bowl","Share of path capital and upkeep (binding agreement)","USD"
"snowbowl","capital_contribution_usd","partial_path",0,0,0,0,0,1,424233.384232781,0,"Camden Snow Bowl","Share of path capital and upkeep (binding agreement)","USD"
"snowbowl","capital_contribution_usd","path_mitigated",0,0,0,0,0,1,424233.384232781,0,"Camden Snow Bowl","Share of path capital and upkeep (binding agreement)","USD"
"snowbowl","capital_contribution_usd","path_compensated",0,0,0,0,0,1,424233.384232781,0,"Camden Snow Bowl","Share of path capital and upkeep (binding agreement)","USD"
"snowbowl","capital_contribution_usd","carriage_path",0,0,0,0,0,1,424233.384232781,0,"Camden Snow Bowl","Share of path capital and upkeep (binding agreement)","USD"
"snowbowl","capital_contribution_usd","path_donated",0,0,0,0,0,1,424233.384232781,0,"Camden Snow Bowl","Share of path capital and upkeep (binding agreement)","USD"
"snowbowl","payment_contribution_usd","shoulders",-3608.93718653288,-11309.8007434433,-437.802942716846,0,11309.8007434433,1,165067.476925813,0.0218634055220633,"Camden Snow Bowl","Share of landowner payments","USD"
"snowbowl","payment_contribution_usd","path_oneoff_annual",-47391.6480117558,-109389.681750988,-16473.494815862,0,109389.681750988,1,165067.476925813,0.287104697390238,"Camden Snow Bowl","Share of landowner payments","USD"
"snowbowl","payment_contribution_usd","shoulders_speed",-3608.93718653288,-11309.8007434433,-437.802942716846,0,11309.8007434433,1,165067.476925813,0.0218634055220633,"Camden Snow Bowl","Share of landowner payments","USD"
"snowbowl","payment_contribution_usd","path_compensated",-64930.962240065,-165067.476925813,-16850.7877939705,0,165067.476925813,1,165067.476925813,0.393360118233631,"Camden Snow Bowl","Share of landowner payments","USD"
"snowbowl","payment_contribution_usd","carriage_path",-32465.4811200325,-82533.7384629067,-8425.39389698524,0,82533.7384629067,1,165067.476925813,0.196680059116815,"Camden Snow Bowl","Share of landowner payments","USD"
"snowbowl","payment_contribution_usd","partial_path",-12986.192448013,-33013.4953851627,-3370.1575587941,0,33013.4953851627,1,165067.476925813,0.0786720236467262,"Camden Snow Bowl","Share of landowner payments","USD"
"snowbowl","payment_contribution_usd","path_annual",-14380.3247714098,-38284.4663372461,-3102.44200891621,0,38284.4663372461,1,165067.476925813,0.0871178565228377,"Camden Snow Bowl","Share of landowner payments","USD"
"snowbowl","payment_contribution_usd","path_cost_sharing",-32465.4811200325,-82533.7384629067,-8425.39389698524,0,82533.7384629067,1,165067.476925813,0.196680059116815,"Camden Snow Bowl","Share of landowner payments","USD"
"snowbowl","payment_contribution_usd","path_mitigated",-22725.8367840228,-57773.6169240346,-5897.77572788967,0,57773.6169240346,1,165067.476925813,0.137676041381771,"Camden Snow Bowl","Share of landowner payments","USD"
"snowbowl","payment_contribution_usd","path_donated",0,0,0,0,0,1,165067.476925813,0,"Camden Snow Bowl","Share of landowner payments","USD"
"town_finance","net_capital_maint_cost_usd","shoulders_speed",-407415.783511114,-908912.396179635,-127112.932327923,0,908912.396179635,1,3328159.48670997,0.12241474158255,"Town of Camden","Capital and upkeep cost to town","USD"
"town_finance","net_capital_maint_cost_usd","path_oneoff_annual",-1206826.33946026,-2694955.61632074,-381228.95202571,0,2694955.61632074,1,3328159.48670997,0.362610729527648,"Town of Camden","Capital and upkeep cost to town","USD"
"town_finance","net_capital_maint_cost_usd","partial_path",-482730.535784106,-1077982.2465283,-152491.580810284,0,1077982.2465283,1,3328159.48670997,0.145044291811059,"Town of Camden","Capital and upkeep cost to town","USD"
"town_finance","net_capital_maint_cost_usd","path_donated",-1206826.33946026,-2694955.61632074,-381228.95202571,0,2694955.61632074,1,3328159.48670997,0.362610729527648,"Town of Camden","Capital and upkeep cost to town","USD"
"town_finance","net_capital_maint_cost_usd","carriage_path",-1206826.33946026,-2694955.61632074,-381228.95202571,0,2694955.61632074,1,3328159.48670997,0.362610729527648,"Town of Camden","Capital and upkeep cost to town","USD"
"town_finance","net_capital_maint_cost_usd","path_mitigated",-1458157.25618923,-3328159.48670997,-446919.805898352,0,3328159.48670997,1,3328159.48670997,0.43812721776464,"Town of Camden","Capital and upkeep cost to town","USD"
"town_finance","net_capital_maint_cost_usd","shoulders",-407415.783511114,-908912.396179635,-127112.932327923,0,908912.396179635,1,3328159.48670997,0.12241474158255,"Town of Camden","Capital and upkeep cost to town","USD"
"town_finance","net_capital_maint_cost_usd","path_annual",-1206826.33946026,-2694955.61632074,-381228.95202571,0,2694955.61632074,1,3328159.48670997,0.362610729527648,"Town of Camden","Capital and upkeep cost to town","USD"
"town_finance","net_capital_maint_cost_usd","path_cost_sharing",-959636.26781212,-2132067.05655381,-304090.519211139,0,2132067.05655381,1,3328159.48670997,0.288338425981131,"Town of Camden","Capital and upkeep cost to town","USD"
"town_finance","net_capital_maint_cost_usd","path_compensated",-1206826.33946026,-2694955.61632074,-381228.95202571,0,2694955.61632074,1,3328159.48670997,0.362610729527648,"Town of Camden","Capital and upkeep cost to town","USD"
"town_finance","tax_revenue_gain_usd","path_oneoff_annual",142390.492706414,39045.124149124,336084.001650668,1,336084.001650668,1,336084.001650668,0.423675307384661,"Town of Camden","Added tax revenue","USD"
"town_finance","tax_revenue_gain_usd","path_compensated",142390.492706414,39045.124149124,336084.001650668,1,336084.001650668,1,336084.001650668,0.423675307384661,"Town of Camden","Added tax revenue","USD"
"town_finance","tax_revenue_gain_usd","shoulders",0,0,0,0,0,1,336084.001650668,0,"Town of Camden","Added tax revenue","USD"
"town_finance","tax_revenue_gain_usd","partial_path",56956.1970825654,15618.0496596496,134433.600660267,1,134433.600660267,1,336084.001650668,0.169470122953864,"Town of Camden","Added tax revenue","USD"
"town_finance","tax_revenue_gain_usd","path_mitigated",142390.492706414,39045.124149124,336084.001650668,1,336084.001650668,1,336084.001650668,0.423675307384661,"Town of Camden","Added tax revenue","USD"
"town_finance","tax_revenue_gain_usd","path_donated",142390.492706414,39045.124149124,336084.001650668,1,336084.001650668,1,336084.001650668,0.423675307384661,"Town of Camden","Added tax revenue","USD"
"town_finance","tax_revenue_gain_usd","carriage_path",142390.492706414,39045.124149124,336084.001650668,1,336084.001650668,1,336084.001650668,0.423675307384661,"Town of Camden","Added tax revenue","USD"
"town_finance","tax_revenue_gain_usd","path_annual",142390.492706414,39045.124149124,336084.001650668,1,336084.001650668,1,336084.001650668,0.423675307384661,"Town of Camden","Added tax revenue","USD"
"town_finance","tax_revenue_gain_usd","shoulders_speed",0,0,0,0,0,1,336084.001650668,0,"Town of Camden","Added tax revenue","USD"
"town_finance","tax_revenue_gain_usd","path_cost_sharing",142390.492706414,39045.124149124,336084.001650668,1,336084.001650668,1,336084.001650668,0.423675307384661,"Town of Camden","Added tax revenue","USD"
"town_finance","ems_savings_usd","path_compensated",16899.7783403551,-20587.0545988422,98851.6287041405,0.844666666666667,99340.1834102668,0.689333333333333,99340.1834102668,0.170120265135412,"Town of Camden","Emergency-response savings","USD"
"town_finance","ems_savings_usd","partial_path",-9933.10149473282,-68486.164378864,14834.2535437039,0.201333333333333,70996.4142014474,0.597333333333333,99340.1834102668,0.0999907706402144,"Town of Camden","Emergency-response savings","USD"
"town_finance","ems_savings_usd","path_oneoff_annual",16899.7783403551,-20587.0545988422,98851.6287041405,0.844666666666667,99340.1834102668,0.689333333333333,99340.1834102668,0.170120265135412,"Town of Camden","Emergency-response savings","USD"
"town_finance","ems_savings_usd","shoulders_speed",12733.500698729,-3341.30792526199,62592.2597666954,0.903333333333333,63215.1445729615,0.806666666666667,99340.1834102668,0.128180764939206,"Town of Camden","Emergency-response savings","USD"
"town_finance","ems_savings_usd","carriage_path",16899.7783403551,-20587.0545988422,98851.6287041405,0.844666666666667,99340.1834102668,0.689333333333333,99340.1834102668,0.170120265135412,"Town of Camden","Emergency-response savings","USD"
"town_finance","ems_savings_usd","shoulders",4635.22930401854,-21043.5875013173,42932.0088474365,0.702666666666667,46864.6586126059,0.405333333333333,99340.1834102668,0.0466601645466611,"Town of Camden","Emergency-response savings","USD"
"town_finance","ems_savings_usd","path_mitigated",16899.7783403551,-20587.0545988422,98851.6287041405,0.844666666666667,99340.1834102668,0.689333333333333,99340.1834102668,0.170120265135412,"Town of Camden","Emergency-response savings","USD"
"town_finance","ems_savings_usd","path_cost_sharing",16899.7783403551,-20587.0545988422,98851.6287041405,0.844666666666667,99340.1834102668,0.689333333333333,99340.1834102668,0.170120265135412,"Town of Camden","Emergency-response savings","USD"
"town_finance","ems_savings_usd","path_annual",16899.7783403551,-20587.0545988422,98851.6287041405,0.844666666666667,99340.1834102668,0.689333333333333,99340.1834102668,0.170120265135412,"Town of Camden","Emergency-response savings","USD"
"town_finance","ems_savings_usd","path_donated",16899.7783403551,-20587.0545988422,98851.6287041405,0.844666666666667,99340.1834102668,0.689333333333333,99340.1834102668,0.170120265135412,"Town of Camden","Emergency-response savings","USD"
"town_finance","winter_maintenance_cost_usd","partial_path",-80632.8507227564,-172667.517440193,-21146.3878445227,0,172667.517440193,1,431668.793600483,0.186793328399327,"Town of Camden","Winter maintenance","USD"
"town_finance","winter_maintenance_cost_usd","carriage_path",-201582.126806891,-431668.793600483,-52865.9696113068,0,431668.793600483,1,431668.793600483,0.466983320998319,"Town of Camden","Winter maintenance","USD"
"town_finance","winter_maintenance_cost_usd","path_oneoff_annual",-201582.126806891,-431668.793600483,-52865.9696113068,0,431668.793600483,1,431668.793600483,0.466983320998319,"Town of Camden","Winter maintenance","USD"
"town_finance","winter_maintenance_cost_usd","shoulders",0,0,0,0,0,1,431668.793600483,0,"Town of Camden","Winter maintenance","USD"
"town_finance","winter_maintenance_cost_usd","path_mitigated",-201582.126806891,-431668.793600483,-52865.9696113068,0,431668.793600483,1,431668.793600483,0.466983320998319,"Town of Camden","Winter maintenance","USD"
"town_finance","winter_maintenance_cost_usd","shoulders_speed",0,0,0,0,0,1,431668.793600483,0,"Town of Camden","Winter maintenance","USD"
"town_finance","winter_maintenance_cost_usd","path_donated",-201582.126806891,-431668.793600483,-52865.9696113068,0,431668.793600483,1,431668.793600483,0.466983320998319,"Town of Camden","Winter maintenance","USD"
"town_finance","winter_maintenance_cost_usd","path_cost_sharing",-201582.126806891,-431668.793600483,-52865.9696113068,0,431668.793600483,1,431668.793600483,0.466983320998319,"Town of Camden","Winter maintenance","USD"
"town_finance","winter_maintenance_cost_usd","path_annual",-201582.126806891,-431668.793600483,-52865.9696113068,0,431668.793600483,1,431668.793600483,0.466983320998319,"Town of Camden","Winter maintenance","USD"
"town_finance","winter_maintenance_cost_usd","path_compensated",-201582.126806891,-431668.793600483,-52865.9696113068,0,431668.793600483,1,431668.793600483,0.466983320998319,"Town of Camden","Winter maintenance","USD"
"town_finance","payment_contribution_usd","partial_path",-14795.9479768133,-35591.9837825073,-3888.32226838437,0,35591.9837825073,1,177959.918912536,0.0831420247167297,"Town of Camden","Share of landowner payments","USD"
"town_finance","payment_contribution_usd","path_oneoff_annual",-64873.0287118866,-146408.585490145,-23543.7175131448,0,146408.585490145,1,177959.918912536,0.364537302041424,"Town of Camden","Share of landowner payments","USD"
"town_finance","payment_contribution_usd","shoulders",-4016.57457304282,-12402.3255498881,-527.895621606662,0,12402.3255498881,1,177959.918912536,0.0225701079073703,"Town of Camden","Share of landowner payments","USD"
"town_finance","payment_contribution_usd","path_annual",-26604.2701115013,-69071.4810198356,-6064.36926072166,0,69071.4810198356,1,177959.918912536,0.149495854314121,"Town of Camden","Share of landowner payments","USD"
"town_finance","payment_contribution_usd","path_mitigated",-25892.9089594233,-62285.9716193877,-6804.56396967265,0,62285.9716193877,1,177959.918912536,0.145498543254277,"Town of Camden","Share of landowner payments","USD"
"town_finance","payment_contribution_usd","path_donated",0,0,0,0,0,1,177959.918912536,0,"Town of Camden","Share of landowner payments","USD"
"town_finance","payment_contribution_usd","path_compensated",-73979.7398840665,-177959.918912536,-19441.6113419219,0,177959.918912536,1,177959.918912536,0.415710123583649,"Town of Camden","Share of landowner payments","USD"
"town_finance","payment_contribution_usd","path_cost_sharing",-36989.8699420333,-88979.9594562681,-9720.80567096093,0,88979.9594562681,1,177959.918912536,0.207855061791824,"Town of Camden","Share of landowner payments","USD"
"town_finance","payment_contribution_usd","carriage_path",-36989.8699420333,-88979.9594562681,-9720.80567096093,0,88979.9594562681,1,177959.918912536,0.207855061791824,"Town of Camden","Share of landowner payments","USD"
"town_finance","payment_contribution_usd","shoulders_speed",-4016.57457304282,-12402.3255498881,-527.895621606662,0,12402.3255498881,1,177959.918912536,0.0225701079073703,"Town of Camden","Share of landowner payments","USD"
"tourism_business","business_margin_usd","shoulders",91570.4397076475,10650.0172022534,347565.55242617,0.99,347565.55242617,0.98,1734513.77593054,0.0527931464012279,"Tourism and local business","Added business margin","USD"
"tourism_business","business_margin_usd","partial_path",183314.725286724,18749.3445162954,693805.510372216,0.988,693805.510372216,0.976,1734513.77593054,0.105686520240163,"Tourism and local business","Added business margin","USD"
"tourism_business","business_margin_usd","path_compensated",458286.813216809,46873.3612907385,1734513.77593054,0.988,1734513.77593054,0.976,1734513.77593054,0.264216300600406,"Tourism and local business","Added business margin","USD"
"tourism_business","business_margin_usd","path_donated",458286.813216809,46873.3612907385,1734513.77593054,0.988,1734513.77593054,0.976,1734513.77593054,0.264216300600406,"Tourism and local business","Added business margin","USD"
"tourism_business","business_margin_usd","shoulders_speed",91570.4397076475,10650.0172022534,347565.55242617,0.99,347565.55242617,0.98,1734513.77593054,0.0527931464012279,"Tourism and local business","Added business margin","USD"
"tourism_business","business_margin_usd","path_oneoff_annual",458286.813216809,46873.3612907385,1734513.77593054,0.988,1734513.77593054,0.976,1734513.77593054,0.264216300600406,"Tourism and local business","Added business margin","USD"
"tourism_business","business_margin_usd","path_cost_sharing",458286.813216809,46873.3612907385,1734513.77593054,0.988,1734513.77593054,0.976,1734513.77593054,0.264216300600406,"Tourism and local business","Added business margin","USD"
"tourism_business","business_margin_usd","path_annual",458286.813216809,46873.3612907385,1734513.77593054,0.988,1734513.77593054,0.976,1734513.77593054,0.264216300600406,"Tourism and local business","Added business margin","USD"
"tourism_business","business_margin_usd","carriage_path",458286.813216809,46873.3612907385,1734513.77593054,0.988,1734513.77593054,0.976,1734513.77593054,0.264216300600406,"Tourism and local business","Added business margin","USD"
"tourism_business","business_margin_usd","path_mitigated",458286.813216809,46873.3612907385,1734513.77593054,0.988,1734513.77593054,0.976,1734513.77593054,0.264216300600406,"Tourism and local business","Added business margin","USD"
"tourism_business","jobs_fte","shoulders",0.587017661028419,0.0715033984066598,2.03086522793628,0.99,2.03086522793628,0.98,9.71933871688582,0.0603968724753432,"Tourism and local business","Seasonal jobs supported","FTE"
"tourism_business","jobs_fte","path_cost_sharing",2.80889996490453,0.322083317435588,9.71933871688582,0.988,9.71933871688582,0.976,9.71933871688582,0.289001139555359,"Tourism and local business","Seasonal jobs supported","FTE"
"tourism_business","jobs_fte","path_compensated",2.80889996490453,0.322083317435588,9.71933871688582,0.988,9.71933871688582,0.976,9.71933871688582,0.289001139555359,"Tourism and local business","Seasonal jobs supported","FTE"
"tourism_business","jobs_fte","partial_path",1.12355998596181,0.128833326974235,3.88773548675433,0.988,3.88773548675433,0.976,9.71933871688582,0.115600455822144,"Tourism and local business","Seasonal jobs supported","FTE"
"tourism_business","jobs_fte","carriage_path",2.80889996490453,0.322083317435588,9.71933871688582,0.988,9.71933871688582,0.976,9.71933871688582,0.289001139555359,"Tourism and local business","Seasonal jobs supported","FTE"
"tourism_business","jobs_fte","path_donated",2.80889996490453,0.322083317435588,9.71933871688582,0.988,9.71933871688582,0.976,9.71933871688582,0.289001139555359,"Tourism and local business","Seasonal jobs supported","FTE"
"tourism_business","jobs_fte","path_mitigated",2.80889996490453,0.322083317435588,9.71933871688582,0.988,9.71933871688582,0.976,9.71933871688582,0.289001139555359,"Tourism and local business","Seasonal jobs supported","FTE"
"tourism_business","jobs_fte","path_annual",2.80889996490453,0.322083317435588,9.71933871688582,0.988,9.71933871688582,0.976,9.71933871688582,0.289001139555359,"Tourism and local business","Seasonal jobs supported","FTE"
"tourism_business","jobs_fte","shoulders_speed",0.587017661028419,0.0715033984066598,2.03086522793628,0.99,2.03086522793628,0.98,9.71933871688582,0.0603968724753432,"Tourism and local business","Seasonal jobs supported","FTE"
"tourism_business","jobs_fte","path_oneoff_annual",2.80889996490453,0.322083317435588,9.71933871688582,0.988,9.71933871688582,0.976,9.71933871688582,0.289001139555359,"Tourism and local business","Seasonal jobs supported","FTE"
"tourism_business","destination_brand_pts","carriage_path",72.9970262515716,14.4357653081965,170.415515126259,1,170.415515126259,1,170.415515126259,0.428347302752856,"Tourism and local business","Destination brand","brand pts"
"tourism_business","destination_brand_pts","path_compensated",72.9970262515716,14.4357653081965,170.415515126259,1,170.415515126259,1,170.415515126259,0.428347302752856,"Tourism and local business","Destination brand","brand pts"
"tourism_business","destination_brand_pts","shoulders",0,0,0,0,0,1,170.415515126259,0,"Tourism and local business","Destination brand","brand pts"
"tourism_business","destination_brand_pts","shoulders_speed",0,0,0,0,0,1,170.415515126259,0,"Tourism and local business","Destination brand","brand pts"
"tourism_business","destination_brand_pts","path_cost_sharing",72.9970262515716,14.4357653081965,170.415515126259,1,170.415515126259,1,170.415515126259,0.428347302752856,"Tourism and local business","Destination brand","brand pts"
"tourism_business","destination_brand_pts","path_annual",72.9970262515716,14.4357653081965,170.415515126259,1,170.415515126259,1,170.415515126259,0.428347302752856,"Tourism and local business","Destination brand","brand pts"
"tourism_business","destination_brand_pts","path_oneoff_annual",72.9970262515716,14.4357653081965,170.415515126259,1,170.415515126259,1,170.415515126259,0.428347302752856,"Tourism and local business","Destination brand","brand pts"
"tourism_business","destination_brand_pts","path_donated",72.9970262515716,14.4357653081965,170.415515126259,1,170.415515126259,1,170.415515126259,0.428347302752856,"Tourism and local business","Destination brand","brand pts"
"tourism_business","destination_brand_pts","path_mitigated",72.9970262515716,14.4357653081965,170.415515126259,1,170.415515126259,1,170.415515126259,0.428347302752856,"Tourism and local business","Destination brand","brand pts"
"tourism_business","destination_brand_pts","partial_path",29.1988105006286,5.77430612327861,68.1662060505036,1,68.1662060505036,1,170.415515126259,0.171338921101142,"Tourism and local business","Destination brand","brand pts"
"tourism_business","capital_contribution_usd","path_cost_sharing",-60485.4665856754,-162341.016133584,-11214.3642834721,0,162341.016133584,1,162341.016133584,0.37258277683752,"Tourism and local business","Share of path capital and upkeep (binding agreement)","USD"
"tourism_business","capital_contribution_usd","carriage_path",0,0,0,0,0,1,162341.016133584,0,"Tourism and local business","Share of path capital and upkeep (binding agreement)","USD"
"tourism_business","capital_contribution_usd","shoulders",0,0,0,0,0,1,162341.016133584,0,"Tourism and local business","Share of path capital and upkeep (binding agreement)","USD"
"tourism_business","capital_contribution_usd","shoulders_speed",0,0,0,0,0,1,162341.016133584,0,"Tourism and local business","Share of path capital and upkeep (binding agreement)","USD"
"tourism_business","capital_contribution_usd","path_compensated",0,0,0,0,0,1,162341.016133584,0,"Tourism and local business","Share of path capital and upkeep (binding agreement)","USD"
"tourism_business","capital_contribution_usd","path_mitigated",0,0,0,0,0,1,162341.016133584,0,"Tourism and local business","Share of path capital and upkeep (binding agreement)","USD"
"tourism_business","capital_contribution_usd","path_oneoff_annual",0,0,0,0,0,1,162341.016133584,0,"Tourism and local business","Share of path capital and upkeep (binding agreement)","USD"
"tourism_business","capital_contribution_usd","partial_path",0,0,0,0,0,1,162341.016133584,0,"Tourism and local business","Share of path capital and upkeep (binding agreement)","USD"
"tourism_business","capital_contribution_usd","path_donated",0,0,0,0,0,1,162341.016133584,0,"Tourism and local business","Share of path capital and upkeep (binding agreement)","USD"
"tourism_business","capital_contribution_usd","path_annual",0,0,0,0,0,1,162341.016133584,0,"Tourism and local business","Share of path capital and upkeep (binding agreement)","USD"
"tourism_business","payment_contribution_usd","path_cost_sharing",-3322.95571594358,-11440.4240545977,-397.354770959846,0,11440.4240545977,1,22880.8481091955,0.14522869519894,"Tourism and local business","Share of landowner payments","USD"
"tourism_business","payment_contribution_usd","shoulders",-347.528785833394,-1456.35572483853,-28.7803339281196,0,1456.35572483853,1,22880.8481091955,0.0151886321772193,"Tourism and local business","Share of landowner payments","USD"
"tourism_business","payment_contribution_usd","path_oneoff_annual",-4926.01745217736,-15665.8671770062,-810.718418564609,0,15665.8671770062,1,22880.8481091955,0.21528998526054,"Tourism and local business","Share of landowner payments","USD"
"tourism_business","payment_contribution_usd","carriage_path",-3322.95571594358,-11440.4240545977,-397.354770959846,0,11440.4240545977,1,22880.8481091955,0.14522869519894,"Tourism and local business","Share of landowner payments","USD"
"tourism_business","payment_contribution_usd","path_compensated",-6645.91143188716,-22880.8481091955,-794.709541919691,0,22880.8481091955,1,22880.8481091955,0.290457390397879,"Tourism and local business","Share of landowner payments","USD"
"tourism_business","payment_contribution_usd","path_mitigated",-2326.0690011605,-8008.29683821841,-278.148339671892,0,8008.29683821841,1,22880.8481091955,0.101660086639258,"Tourism and local business","Share of landowner payments","USD"
"tourism_business","payment_contribution_usd","path_annual",-1439.53169546538,-5110.94844551442,-176.556379765828,0,5110.94844551442,1,22880.8481091955,0.0629142629938991,"Tourism and local business","Share of landowner payments","USD"
"tourism_business","payment_contribution_usd","shoulders_speed",-347.528785833394,-1456.35572483853,-28.7803339281196,0,1456.35572483853,1,22880.8481091955,0.0151886321772193,"Tourism and local business","Share of landowner payments","USD"
"tourism_business","payment_contribution_usd","path_donated",0,0,0,0,0,1,22880.8481091955,0,"Tourism and local business","Share of landowner payments","USD"
"tourism_business","payment_contribution_usd","partial_path",-1329.18228637743,-4576.16962183909,-158.941908383938,0,4576.16962183909,1,22880.8481091955,0.0580914780795758,"Tourism and local business","Share of landowner payments","USD"
"climate_future","net_tco2e_avoided","path_compensated",-260.366024189329,-711.82690415881,211.811235047775,0.161333333333333,719.090316881865,0.677333333333333,719.090316881865,0.362076943711791,"Climate and future residents","Net emissions avoided","tCO2e"
"climate_future","net_tco2e_avoided","shoulders",-115.911240528419,-299.207707940333,18.1148040425857,0.0826666666666667,299.207707940333,0.834666666666667,719.090316881865,0.16119149125945,"Climate and future residents","Net emissions avoided","tCO2e"
"climate_future","net_tco2e_avoided","shoulders_speed",-115.911240528419,-299.207707940333,18.1148040425857,0.0826666666666667,299.207707940333,0.834666666666667,719.090316881865,0.16119149125945,"Climate and future residents","Net emissions avoided","tCO2e"
"climate_future","net_tco2e_avoided","path_cost_sharing",-260.366024189329,-711.82690415881,211.811235047775,0.161333333333333,719.090316881865,0.677333333333333,719.090316881865,0.362076943711791,"Climate and future residents","Net emissions avoided","tCO2e"
"climate_future","net_tco2e_avoided","path_donated",-260.366024189329,-711.82690415881,211.811235047775,0.161333333333333,719.090316881865,0.677333333333333,719.090316881865,0.362076943711791,"Climate and future residents","Net emissions avoided","tCO2e"
"climate_future","net_tco2e_avoided","path_annual",-260.366024189329,-711.82690415881,211.811235047775,0.161333333333333,719.090316881865,0.677333333333333,719.090316881865,0.362076943711791,"Climate and future residents","Net emissions avoided","tCO2e"
"climate_future","net_tco2e_avoided","path_oneoff_annual",-260.366024189329,-711.82690415881,211.811235047775,0.161333333333333,719.090316881865,0.677333333333333,719.090316881865,0.362076943711791,"Climate and future residents","Net emissions avoided","tCO2e"
"climate_future","net_tco2e_avoided","carriage_path",-260.366024189329,-711.82690415881,211.811235047775,0.161333333333333,719.090316881865,0.677333333333333,719.090316881865,0.362076943711791,"Climate and future residents","Net emissions avoided","tCO2e"
"climate_future","net_tco2e_avoided","path_mitigated",-260.366024189329,-711.82690415881,211.811235047775,0.161333333333333,719.090316881865,0.677333333333333,719.090316881865,0.362076943711791,"Climate and future residents","Net emissions avoided","tCO2e"
"climate_future","net_tco2e_avoided","partial_path",-104.146409675731,-284.730761663524,84.72449401911,0.161333333333333,287.636126752746,0.677333333333333,719.090316881865,0.144830777484716,"Climate and future residents","Net emissions avoided","tCO2e"
"climate_future","climate_value_usd","path_cost_sharing",-32248.7366218864,-116053.965471628,28048.6048719052,0.161333333333333,120178.744670589,0.677333333333333,120178.744670589,0.268339769318446,"Climate and future residents","Value of net emissions avoided","USD"
"climate_future","climate_value_usd","path_annual",-32248.7366218864,-116053.965471628,28048.6048719052,0.161333333333333,120178.744670589,0.677333333333333,120178.744670589,0.268339769318446,"Climate and future residents","Value of net emissions avoided","USD"
"climate_future","climate_value_usd","carriage_path",-32248.7366218864,-116053.965471628,28048.6048719052,0.161333333333333,120178.744670589,0.677333333333333,120178.744670589,0.268339769318446,"Climate and future residents","Value of net emissions avoided","USD"
"climate_future","climate_value_usd","path_compensated",-32248.7366218864,-116053.965471628,28048.6048719052,0.161333333333333,120178.744670589,0.677333333333333,120178.744670589,0.268339769318446,"Climate and future residents","Value of net emissions avoided","USD"
"climate_future","climate_value_usd","path_mitigated",-32248.7366218864,-116053.965471628,28048.6048719052,0.161333333333333,120178.744670589,0.677333333333333,120178.744670589,0.268339769318446,"Climate and future residents","Value of net emissions avoided","USD"
"climate_future","climate_value_usd","path_oneoff_annual",-32248.7366218864,-116053.965471628,28048.6048719052,0.161333333333333,120178.744670589,0.677333333333333,120178.744670589,0.268339769318446,"Climate and future residents","Value of net emissions avoided","USD"
"climate_future","climate_value_usd","shoulders_speed",-14713.7481434054,-49036.7662451103,2289.74887568665,0.0826666666666667,49036.7662451103,0.834666666666667,120178.744670589,0.12243220033406,"Climate and future residents","Value of net emissions avoided","USD"
"climate_future","climate_value_usd","path_donated",-32248.7366218864,-116053.965471628,28048.6048719052,0.161333333333333,120178.744670589,0.677333333333333,120178.744670589,0.268339769318446,"Climate and future residents","Value of net emissions avoided","USD"
"climate_future","climate_value_usd","shoulders",-14713.7481434054,-49036.7662451103,2289.74887568665,0.0826666666666667,49036.7662451103,0.834666666666667,120178.744670589,0.12243220033406,"Climate and future residents","Value of net emissions avoided","USD"
"climate_future","climate_value_usd","partial_path",-12899.4946487545,-46421.586188651,11219.4419487621,0.161333333333333,48071.4978682358,0.677333333333333,120178.744670589,0.107335907727378,"Climate and future residents","Value of net emissions avoided","USD"
"climate_future","youth_mobility_pts","path_cost_sharing",114.880684936508,32.5735673327702,251.246097831538,1,251.246097831538,1,251.246097831538,0.457243658421058,"Climate and future residents","Youth independent mobility","wellbeing pts"
"climate_future","youth_mobility_pts","path_mitigated",114.880684936508,32.5735673327702,251.246097831538,1,251.246097831538,1,251.246097831538,0.457243658421058,"Climate and future residents","Youth independent mobility","wellbeing pts"
"climate_future","youth_mobility_pts","shoulders",0,0,0,0,0,1,251.246097831538,0,"Climate and future residents","Youth independent mobility","wellbeing pts"
"climate_future","youth_mobility_pts","carriage_path",114.880684936508,32.5735673327702,251.246097831538,1,251.246097831538,1,251.246097831538,0.457243658421058,"Climate and future residents","Youth independent mobility","wellbeing pts"
"climate_future","youth_mobility_pts","shoulders_speed",0,0,0,0,0,1,251.246097831538,0,"Climate and future residents","Youth independent mobility","wellbeing pts"
"climate_future","youth_mobility_pts","path_oneoff_annual",114.880684936508,32.5735673327702,251.246097831538,1,251.246097831538,1,251.246097831538,0.457243658421058,"Climate and future residents","Youth independent mobility","wellbeing pts"
"climate_future","youth_mobility_pts","path_annual",114.880684936508,32.5735673327702,251.246097831538,1,251.246097831538,1,251.246097831538,0.457243658421058,"Climate and future residents","Youth independent mobility","wellbeing pts"
"climate_future","youth_mobility_pts","path_donated",114.880684936508,32.5735673327702,251.246097831538,1,251.246097831538,1,251.246097831538,0.457243658421058,"Climate and future residents","Youth independent mobility","wellbeing pts"
"climate_future","youth_mobility_pts","path_compensated",114.880684936508,32.5735673327702,251.246097831538,1,251.246097831538,1,251.246097831538,0.457243658421058,"Climate and future residents","Youth independent mobility","wellbeing pts"
"climate_future","youth_mobility_pts","partial_path",45.952273974603,13.0294269331081,100.498439132615,1,100.498439132615,1,251.246097831538,0.182897463368423,"Climate and future residents","Youth independent mobility","wellbeing pts"
"climate_future","development_pressure_ha","shoulders_speed",0,0,0,0,0,1,4.98804790097056,0,"Climate and future residents","Development pressure on forest","ha"
"climate_future","development_pressure_ha","path_cost_sharing",-2.42041003558552,-4.98804790097056,-0.0226937033585283,0.0486666666666667,4.98804790097056,0.902666666666667,4.98804790097056,0.485241939058878,"Climate and future residents","Development pressure on forest","ha"
"climate_future","development_pressure_ha","shoulders",0,0,0,0,0,1,4.98804790097056,0,"Climate and future residents","Development pressure on forest","ha"
"climate_future","development_pressure_ha","path_mitigated",-2.42041003558552,-4.98804790097056,-0.0226937033585283,0.0486666666666667,4.98804790097056,0.902666666666667,4.98804790097056,0.485241939058878,"Climate and future residents","Development pressure on forest","ha"
"climate_future","development_pressure_ha","path_oneoff_annual",-2.42041003558552,-4.98804790097056,-0.0226937033585283,0.0486666666666667,4.98804790097056,0.902666666666667,4.98804790097056,0.485241939058878,"Climate and future residents","Development pressure on forest","ha"
"climate_future","development_pressure_ha","path_annual",-2.42041003558552,-4.98804790097056,-0.0226937033585283,0.0486666666666667,4.98804790097056,0.902666666666667,4.98804790097056,0.485241939058878,"Climate and future residents","Development pressure on forest","ha"
"climate_future","development_pressure_ha","path_donated",-2.42041003558552,-4.98804790097056,-0.0226937033585283,0.0486666666666667,4.98804790097056,0.902666666666667,4.98804790097056,0.485241939058878,"Climate and future residents","Development pressure on forest","ha"
"climate_future","development_pressure_ha","carriage_path",-2.42041003558552,-4.98804790097056,-0.0226937033585283,0.0486666666666667,4.98804790097056,0.902666666666667,4.98804790097056,0.485241939058878,"Climate and future residents","Development pressure on forest","ha"
"climate_future","development_pressure_ha","path_compensated",-2.42041003558552,-4.98804790097056,-0.0226937033585283,0.0486666666666667,4.98804790097056,0.902666666666667,4.98804790097056,0.485241939058878,"Climate and future residents","Development pressure on forest","ha"
"climate_future","development_pressure_ha","partial_path",-0.968164014234208,-1.99521916038822,-0.00907748134341132,0.0486666666666667,1.99521916038822,0.902666666666667,4.98804790097056,0.194096775623551,"Climate and future residents","Development pressure on forest","ha"
