"stakeholder","value","option","median","q05","q95","p_pos","abs_q95","certainty","ref","size_rel","stakeholder_label","value_label","unit"
"landowners","net_financial_usd","shoulders",-2597.53750519694,-18653.1141377991,7893.55522520013,0.2992,19137.4787154465,0.4016,603076.273032593,0.00430714591395732,"Landowners hosting the path","Net financial position","USD"
"landowners","net_financial_usd","path_cost_sharing",-138809.644004639,-553782.445207011,124573.322704798,0.19,553782.445207011,0.62,603076.273032593,0.230169300653514,"Landowners hosting the path","Net financial position","USD"
"landowners","net_financial_usd","path_donated",-17446.7958243894,-167733.055295337,196357.352050307,0.4372,220023.501883741,0.1256,603076.273032593,0.0289296671159976,"Landowners hosting the path","Net financial position","USD"
"landowners","net_financial_usd","carriage_path",-138809.644004639,-553782.445207011,124573.322704798,0.19,553782.445207011,0.62,603076.273032593,0.230169300653514,"Landowners hosting the path","Net financial position","USD"
"landowners","net_financial_usd","shoulders_speed",-2597.53750519694,-18653.1141377991,7893.55522520013,0.2992,19137.4787154465,0.4016,603076.273032593,0.00430714591395732,"Landowners hosting the path","Net financial position","USD"
"landowners","net_financial_usd","path_annual",-179695.471439832,-603076.273032593,76056.7830573675,0.1274,603076.273032593,0.7452,603076.273032593,0.297964750853529,"Landowners hosting the path","Net financial position","USD"
"landowners","net_financial_usd","path_compensated",-60669.021065145,-476987.176973754,234065.490405961,0.3668,485033.200187486,0.2664,603076.273032593,0.10059925050619,"Landowners hosting the path","Net financial position","USD"
"landowners","net_financial_usd","partial_path",-30776.2889620931,-107440.455860443,25444.6061904399,0.1796,107727.700454654,0.6408,603076.273032593,0.051032166805922,"Landowners hosting the path","Net financial position","USD"
"landowners","net_financial_usd","path_oneoff_annual",-97695.7047402145,-510163.439965636,167217.751085546,0.275,510349.194053534,0.45,603076.273032593,0.161995603390178,"Landowners hosting the path","Net financial position","USD"
"landowners","net_financial_usd","path_mitigated",-128122.396557455,-535789.866913849,126791.725992502,0.2024,535789.86691385,0.5952,603076.273032593,0.212448080428013,"Landowners hosting the path","Net financial position","USD"
"landowners","privacy_wellbeing_pts","path_donated",-278.532774213774,-1029.92601843754,-39.2289846628693,0.002,1029.92601843754,0.996,1029.92601843754,0.270439593939306,"Landowners hosting the path","Privacy loss","wellbeing pts"
"landowners","privacy_wellbeing_pts","path_cost_sharing",-278.532774213774,-1029.92601843754,-39.2289846628693,0.002,1029.92601843754,0.996,1029.92601843754,0.270439593939306,"Landowners hosting the path","Privacy loss","wellbeing pts"
"landowners","privacy_wellbeing_pts","path_compensated",-278.532774213774,-1029.92601843754,-39.2289846628693,0.002,1029.92601843754,0.996,1029.92601843754,0.270439593939306,"Landowners hosting the path","Privacy loss","wellbeing pts"
"landowners","privacy_wellbeing_pts","carriage_path",-278.532774213774,-1029.92601843754,-39.2289846628693,0.002,1029.92601843754,0.996,1029.92601843754,0.270439593939306,"Landowners hosting the path","Privacy loss","wellbeing pts"
"landowners","privacy_wellbeing_pts","shoulders",-45.7068496196173,-174.37003412175,-5.38747258654072,0.005,174.37003412175,0.99,1029.92601843754,0.0443787697381966,"Landowners hosting the path","Privacy loss","wellbeing pts"
"landowners","privacy_wellbeing_pts","path_annual",-278.532774213774,-1029.92601843754,-39.2289846628693,0.002,1029.92601843754,0.996,1029.92601843754,0.270439593939306,"Landowners hosting the path","Privacy loss","wellbeing pts"
"landowners","privacy_wellbeing_pts","shoulders_speed",-45.7068496196173,-174.37003412175,-5.38747258654072,0.005,174.37003412175,0.99,1029.92601843754,0.0443787697381966,"Landowners hosting the path","Privacy loss","wellbeing pts"
"landowners","privacy_wellbeing_pts","path_mitigated",-278.532774213774,-1029.92601843754,-39.2289846628693,0.002,1029.92601843754,0.996,1029.92601843754,0.270439593939306,"Landowners hosting the path","Privacy loss","wellbeing pts"
"landowners","privacy_wellbeing_pts","path_oneoff_annual",-278.532774213774,-1029.92601843754,-39.2289846628693,0.002,1029.92601843754,0.996,1029.92601843754,0.270439593939306,"Landowners hosting the path","Privacy loss","wellbeing pts"
"landowners","privacy_wellbeing_pts","partial_path",-44.5652438742039,-164.788162950007,-6.27663754605909,0.002,164.788162950007,0.996,1029.92601843754,0.0432703350302889,"Landowners hosting the path","Privacy loss","wellbeing pts"
"landowners","legacy_pride_pts","path_compensated",126.918612624045,29.0428197645656,304.450971643542,1,304.450971643542,1,547.992335861492,0.231606546877188,"Landowners hosting the path","Legacy and community pride","wellbeing pts"
"landowners","legacy_pride_pts","path_annual",126.918612624045,29.0428197645656,304.450971643542,1,304.450971643542,1,547.992335861492,0.231606546877188,"Landowners hosting the path","Legacy and community pride","wellbeing pts"
"landowners","legacy_pride_pts","carriage_path",126.918612624045,29.0428197645656,304.450971643542,1,304.450971643542,1,547.992335861492,0.231606546877188,"Landowners hosting the path","Legacy and community pride","wellbeing pts"
"landowners","legacy_pride_pts","shoulders",38.0755837872134,8.71284592936967,91.3352914930626,1,91.3352914930626,1,547.992335861492,0.0694819640631564,"Landowners hosting the path","Legacy and community pride","wellbeing pts"
"landowners","legacy_pride_pts","path_oneoff_annual",126.918612624045,29.0428197645656,304.450971643542,1,304.450971643542,1,547.992335861492,0.231606546877188,"Landowners hosting the path","Legacy and community pride","wellbeing pts"
"landowners","legacy_pride_pts","path_mitigated",126.918612624045,29.0428197645656,304.450971643542,1,304.450971643542,1,547.992335861492,0.231606546877188,"Landowners hosting the path","Legacy and community pride","wellbeing pts"
"landowners","legacy_pride_pts","shoulders_speed",38.0755837872134,8.71284592936967,91.3352914930626,1,91.3352914930626,1,547.992335861492,0.0694819640631564,"Landowners hosting the path","Legacy and community pride","wellbeing pts"
"landowners","legacy_pride_pts","path_donated",260.669572651328,89.6055011265528,547.992335861492,1,547.992335861492,1,547.992335861492,0.475681055359164,"Landowners hosting the path","Legacy and community pride","wellbeing pts"
"landowners","legacy_pride_pts","partial_path",29.4451181287783,6.73793418537921,70.6326254213018,1,70.6326254213018,1,547.992335861492,0.0537327188755077,"Landowners hosting the path","Legacy and community pride","wellbeing pts"
"landowners","legacy_pride_pts","path_cost_sharing",126.918612624045,29.0428197645656,304.450971643542,1,304.450971643542,1,547.992335861492,0.231606546877188,"Landowners hosting the path","Legacy and community pride","wellbeing pts"
"neighbors","noise_nuisance_pts","path_compensated",-609.120188931448,-2262.28131476201,-69.3114510430272,0.002,2262.28131476201,0.996,2262.28131476201,0.269250417689776,"Neighbors (not hosting)","Noise and activity nuisance","wellbeing pts"
"neighbors","noise_nuisance_pts","path_annual",-609.120188931448,-2262.28131476201,-69.3114510430272,0.002,2262.28131476201,0.996,2262.28131476201,0.269250417689776,"Neighbors (not hosting)","Noise and activity nuisance","wellbeing pts"
"neighbors","noise_nuisance_pts","shoulders_speed",-100.170929450781,-390.039481813925,-9.92843959466692,0.005,390.039481813925,0.99,2262.28131476201,0.0442787237807862,"Neighbors (not hosting)","Noise and activity nuisance","wellbeing pts"
"neighbors","noise_nuisance_pts","shoulders",-100.170929450781,-390.039481813925,-9.92843959466692,0.005,390.039481813925,0.99,2262.28131476201,0.0442787237807862,"Neighbors (not hosting)","Noise and activity nuisance","wellbeing pts"
"neighbors","noise_nuisance_pts","path_oneoff_annual",-609.120188931448,-2262.28131476201,-69.3114510430272,0.002,2262.28131476201,0.996,2262.28131476201,0.269250417689776,"Neighbors (not hosting)","Noise and activity nuisance","wellbeing pts"
"neighbors","noise_nuisance_pts","path_mitigated",-609.120188931448,-2262.28131476201,-69.3114510430272,0.002,2262.28131476201,0.996,2262.28131476201,0.269250417689776,"Neighbors (not hosting)","Noise and activity nuisance","wellbeing pts"
"neighbors","noise_nuisance_pts","carriage_path",-609.120188931448,-2262.28131476201,-69.3114510430272,0.002,2262.28131476201,0.996,2262.28131476201,0.269250417689776,"Neighbors (not hosting)","Noise and activity nuisance","wellbeing pts"
"neighbors","noise_nuisance_pts","path_donated",-609.120188931448,-2262.28131476201,-69.3114510430272,0.002,2262.28131476201,0.996,2262.28131476201,0.269250417689776,"Neighbors (not hosting)","Noise and activity nuisance","wellbeing pts"
"neighbors","noise_nuisance_pts","partial_path",-243.648075572579,-904.912525904805,-27.7245804172109,0.002,904.912525904805,0.996,2262.28131476201,0.107700167075911,"Neighbors (not hosting)","Noise and activity nuisance","wellbeing pts"
"neighbors","noise_nuisance_pts","path_cost_sharing",-609.120188931448,-2262.28131476201,-69.3114510430272,0.002,2262.28131476201,0.996,2262.28131476201,0.269250417689776,"Neighbors (not hosting)","Noise and activity nuisance","wellbeing pts"
"neighbors","trespass_cost_usd","shoulders",-920.849055777897,-2971.45680196532,-127.340113730175,0.005,2971.45680196533,0.99,16984.2384699806,0.0542178595410966,"Neighbors (not hosting)","Trespass, litter, parking","USD"
"neighbors","trespass_cost_usd","path_compensated",-5466.51686687664,-16984.2384699806,-863.248649865707,0.002,16984.2384699806,0.996,16984.2384699806,0.321858226174734,"Neighbors (not hosting)","Trespass, litter, parking","USD"
"neighbors","trespass_cost_usd","shoulders_speed",-920.849055777897,-2971.45680196532,-127.340113730175,0.005,2971.45680196533,0.99,16984.2384699806,0.0542178595410966,"Neighbors (not hosting)","Trespass, litter, parking","USD"
"neighbors","trespass_cost_usd","path_annual",-5466.51686687664,-16984.2384699806,-863.248649865707,0.002,16984.2384699806,0.996,16984.2384699806,0.321858226174734,"Neighbors (not hosting)","Trespass, litter, parking","USD"
"neighbors","trespass_cost_usd","partial_path",-2186.60674675065,-6793.69538799223,-345.299459946283,0.002,6793.69538799223,0.996,16984.2384699806,0.128743290469894,"Neighbors (not hosting)","Trespass, litter, parking","USD"
"neighbors","trespass_cost_usd","path_mitigated",-5466.51686687664,-16984.2384699806,-863.248649865707,0.002,16984.2384699806,0.996,16984.2384699806,0.321858226174734,"Neighbors (not hosting)","Trespass, litter, parking","USD"
"neighbors","trespass_cost_usd","carriage_path",-5466.51686687664,-16984.2384699806,-863.248649865707,0.002,16984.2384699806,0.996,16984.2384699806,0.321858226174734,"Neighbors (not hosting)","Trespass, litter, parking","USD"
"neighbors","trespass_cost_usd","path_oneoff_annual",-5466.51686687664,-16984.2384699806,-863.248649865707,0.002,16984.2384699806,0.996,16984.2384699806,0.321858226174734,"Neighbors (not hosting)","Trespass, litter, parking","USD"
"neighbors","trespass_cost_usd","path_donated",-5466.51686687664,-16984.2384699806,-863.248649865707,0.002,16984.2384699806,0.996,16984.2384699806,0.321858226174734,"Neighbors (not hosting)","Trespass, litter, parking","USD"
"neighbors","trespass_cost_usd","path_cost_sharing",-5466.51686687664,-16984.2384699806,-863.248649865707,0.002,16984.2384699806,0.996,16984.2384699806,0.321858226174734,"Neighbors (not hosting)","Trespass, litter, parking","USD"
"neighbors","property_value_usd","shoulders",0,0,0,0,0,1,1178825.0861638,0,"Neighbors (not hosting)","Home values","USD"
"neighbors","property_value_usd","path_compensated",200222.259883942,-485211.357701206,1139885.09316766,0.711,1178825.0861638,0.422,1178825.0861638,0.169848998154186,"Neighbors (not hosting)","Home values","USD"
"neighbors","property_value_usd","path_mitigated",200222.259883942,-485211.357701206,1139885.09316766,0.711,1178825.0861638,0.422,1178825.0861638,0.169848998154186,"Neighbors (not hosting)","Home values","USD"
"neighbors","property_value_usd","shoulders_speed",0,0,0,0,0,1,1178825.0861638,0,"Neighbors (not hosting)","Home values","USD"
"neighbors","property_value_usd","path_annual",200222.259883942,-485211.357701206,1139885.09316766,0.711,1178825.0861638,0.422,1178825.0861638,0.169848998154186,"Neighbors (not hosting)","Home values","USD"
"neighbors","property_value_usd","partial_path",80088.9039535768,-194084.543080483,455954.037267062,0.711,471530.034465518,0.422,1178825.0861638,0.0679395992616742,"Neighbors (not hosting)","Home values","USD"
"neighbors","property_value_usd","path_cost_sharing",200222.259883942,-485211.357701206,1139885.09316766,0.711,1178825.0861638,0.422,1178825.0861638,0.169848998154186,"Neighbors (not hosting)","Home values","USD"
"neighbors","property_value_usd","path_oneoff_annual",200222.259883942,-485211.357701206,1139885.09316766,0.711,1178825.0861638,0.422,1178825.0861638,0.169848998154186,"Neighbors (not hosting)","Home values","USD"
"neighbors","property_value_usd","carriage_path",200222.259883942,-485211.357701206,1139885.09316766,0.711,1178825.0861638,0.422,1178825.0861638,0.169848998154186,"Neighbors (not hosting)","Home values","USD"
"neighbors","property_value_usd","path_donated",200222.259883942,-485211.357701206,1139885.09316766,0.711,1178825.0861638,0.422,1178825.0861638,0.169848998154186,"Neighbors (not hosting)","Home values","USD"
"neighbors","kids_mobility_pts","path_annual",527.813546583353,92.8814720969356,1401.96182578604,1,1401.96182578604,1,1401.96182578604,0.376482110193995,"Neighbors (not hosting)","Children's independent mobility","wellbeing pts"
"neighbors","kids_mobility_pts","path_mitigated",527.813546583353,92.8814720969356,1401.96182578604,1,1401.96182578604,1,1401.96182578604,0.376482110193995,"Neighbors (not hosting)","Children's independent mobility","wellbeing pts"
"neighbors","kids_mobility_pts","path_compensated",527.813546583353,92.8814720969356,1401.96182578604,1,1401.96182578604,1,1401.96182578604,0.376482110193995,"Neighbors (not hosting)","Children's independent mobility","wellbeing pts"
"neighbors","kids_mobility_pts","path_oneoff_annual",527.813546583353,92.8814720969356,1401.96182578604,1,1401.96182578604,1,1401.96182578604,0.376482110193995,"Neighbors (not hosting)","Children's independent mobility","wellbeing pts"
"neighbors","kids_mobility_pts","partial_path",274.463044223344,48.2983654904065,729.02014940874,1,729.02014940874,1,1401.96182578604,0.195770697300877,"Neighbors (not hosting)","Children's independent mobility","wellbeing pts"
"neighbors","kids_mobility_pts","shoulders",105.562709316671,18.5762944193871,280.392365157208,1,280.392365157208,1,1401.96182578604,0.075296422038799,"Neighbors (not hosting)","Children's independent mobility","wellbeing pts"
"neighbors","kids_mobility_pts","path_donated",527.813546583353,92.8814720969356,1401.96182578604,1,1401.96182578604,1,1401.96182578604,0.376482110193995,"Neighbors (not hosting)","Children's independent mobility","wellbeing pts"
"neighbors","kids_mobility_pts","shoulders_speed",105.562709316671,18.5762944193871,280.392365157208,1,280.392365157208,1,1401.96182578604,0.075296422038799,"Neighbors (not hosting)","Children's independent mobility","wellbeing pts"
"neighbors","kids_mobility_pts","path_cost_sharing",527.813546583353,92.8814720969356,1401.96182578604,1,1401.96182578604,1,1401.96182578604,0.376482110193995,"Neighbors (not hosting)","Children's independent mobility","wellbeing pts"
"neighbors","kids_mobility_pts","carriage_path",527.813546583353,92.8814720969356,1401.96182578604,1,1401.96182578604,1,1401.96182578604,0.376482110193995,"Neighbors (not hosting)","Children's independent mobility","wellbeing pts"
"forest_managers","stand_value_loss_usd","shoulders",-4591.02655756013,-10316.1901393496,-1448.7897609894,0,10316.1901393496,1,34249.3197691565,0.134047233302853,"Forest managers / land trust","Stand value lost","USD"
"forest_managers","stand_value_loss_usd","path_compensated",-15137.6602642947,-34249.3197691564,-5053.35937628005,0,34249.3197691565,1,34249.3197691565,0.441984260310101,"Forest managers / land trust","Stand value lost","USD"
"forest_managers","stand_value_loss_usd","path_annual",-15137.6602642947,-34249.3197691564,-5053.35937628005,0,34249.3197691565,1,34249.3197691565,0.441984260310101,"Forest managers / land trust","Stand value lost","USD"
"forest_managers","stand_value_loss_usd","partial_path",-6055.0641057179,-13699.7279076626,-2021.34375051202,0,13699.7279076626,1,34249.3197691565,0.176793704124041,"Forest managers / land trust","Stand value lost","USD"
"forest_managers","stand_value_loss_usd","path_oneoff_annual",-15137.6602642947,-34249.3197691564,-5053.35937628005,0,34249.3197691565,1,34249.3197691565,0.441984260310101,"Forest managers / land trust","Stand value lost","USD"
"forest_managers","stand_value_loss_usd","path_mitigated",-6357.81731100379,-14384.7143030457,-2122.41093803762,0,14384.7143030457,1,34249.3197691565,0.185633389330242,"Forest managers / land trust","Stand value lost","USD"
"forest_managers","stand_value_loss_usd","shoulders_speed",-4591.02655756013,-10316.1901393496,-1448.7897609894,0,10316.1901393496,1,34249.3197691565,0.134047233302853,"Forest managers / land trust","Stand value lost","USD"
"forest_managers","stand_value_loss_usd","path_donated",-15137.6602642947,-34249.3197691564,-5053.35937628005,0,34249.3197691565,1,34249.3197691565,0.441984260310101,"Forest managers / land trust","Stand value lost","USD"
"forest_managers","stand_value_loss_usd","carriage_path",-15137.6602642947,-34249.3197691564,-5053.35937628005,0,34249.3197691565,1,34249.3197691565,0.441984260310101,"Forest managers / land trust","Stand value lost","USD"
"forest_managers","stand_value_loss_usd","path_cost_sharing",-15137.6602642947,-34249.3197691564,-5053.35937628005,0,34249.3197691565,1,34249.3197691565,0.441984260310101,"Forest managers / land trust","Stand value lost","USD"
"forest_managers","access_saving_usd","shoulders",0,0,0,0,0,1,48754.9591549842,0,"Forest managers / land trust","Operational access savings","USD"
"forest_managers","access_saving_usd","path_compensated",21587.4430471143,154.659785224485,48754.9591549842,0.953,48754.9591549842,0.906,48754.9591549842,0.442774302784078,"Forest managers / land trust","Operational access savings","USD"
"forest_managers","access_saving_usd","partial_path",8634.97721884574,61.863914089794,19501.9836619937,0.953,19501.9836619937,0.906,48754.9591549842,0.177109721113631,"Forest managers / land trust","Operational access savings","USD"
"forest_managers","access_saving_usd","path_annual",21587.4430471143,154.659785224485,48754.9591549842,0.953,48754.9591549842,0.906,48754.9591549842,0.442774302784078,"Forest managers / land trust","Operational access savings","USD"
"forest_managers","access_saving_usd","path_mitigated",21587.4430471143,154.659785224485,48754.9591549842,0.953,48754.9591549842,0.906,48754.9591549842,0.442774302784078,"Forest managers / land trust","Operational access savings","USD"
"forest_managers","access_saving_usd","shoulders_speed",0,0,0,0,0,1,48754.9591549842,0,"Forest managers / land trust","Operational access savings","USD"
"forest_managers","access_saving_usd","path_donated",21587.4430471143,154.659785224485,48754.9591549842,0.953,48754.9591549842,0.906,48754.9591549842,0.442774302784078,"Forest managers / land trust","Operational access savings","USD"
"forest_managers","access_saving_usd","path_oneoff_annual",21587.4430471143,154.659785224485,48754.9591549842,0.953,48754.9591549842,0.906,48754.9591549842,0.442774302784078,"Forest managers / land trust","Operational access savings","USD"
"forest_managers","access_saving_usd","path_cost_sharing",21587.4430471143,154.659785224485,48754.9591549842,0.953,48754.9591549842,0.906,48754.9591549842,0.442774302784078,"Forest managers / land trust","Operational access savings","USD"
"forest_managers","access_saving_usd","carriage_path",21587.4430471143,154.659785224485,48754.9591549842,0.953,48754.9591549842,0.906,48754.9591549842,0.442774302784078,"Forest managers / land trust","Operational access savings","USD"
"forest_managers","management_cost_usd","path_annual",-23499.2210670359,-55847.9774342313,-7758.64225373541,0,55847.9774342313,1,55847.9774342313,0.420771210465223,"Forest managers / land trust","Invasives and user management cost","USD"
"forest_managers","management_cost_usd","path_mitigated",-16334.8623070193,-36809.6220206919,-5777.65924802412,0,36809.622020692,1,55847.9774342313,0.292487983584649,"Forest managers / land trust","Invasives and user management cost","USD"
"forest_managers","management_cost_usd","carriage_path",-23499.2210670359,-55847.9774342313,-7758.64225373541,0,55847.9774342313,1,55847.9774342313,0.420771210465223,"Forest managers / land trust","Invasives and user management cost","USD"
"forest_managers","management_cost_usd","partial_path",-9399.68842681438,-22339.1909736925,-3103.45690149416,0,22339.1909736925,1,55847.9774342313,0.168308484186089,"Forest managers / land trust","Invasives and user management cost","USD"
"forest_managers","management_cost_usd","shoulders",-15362.0494533607,-40815.1580287724,-3721.6908668672,0,40815.1580287724,1,55847.9774342313,0.275069038470582,"Forest managers / land trust","Invasives and user management cost","USD"
"forest_managers","management_cost_usd","path_compensated",-23499.2210670359,-55847.9774342313,-7758.64225373541,0,55847.9774342313,1,55847.9774342313,0.420771210465223,"Forest managers / land trust","Invasives and user management cost","USD"
"forest_managers","management_cost_usd","path_donated",-23499.2210670359,-55847.9774342313,-7758.64225373541,0,55847.9774342313,1,55847.9774342313,0.420771210465223,"Forest managers / land trust","Invasives and user management cost","USD"
"forest_managers","management_cost_usd","shoulders_speed",-15362.0494533607,-40815.1580287724,-3721.6908668672,0,40815.1580287724,1,55847.9774342313,0.275069038470582,"Forest managers / land trust","Invasives and user management cost","USD"
"forest_managers","management_cost_usd","path_oneoff_annual",-23499.2210670359,-55847.9774342313,-7758.64225373541,0,55847.9774342313,1,55847.9774342313,0.420771210465223,"Forest managers / land trust","Invasives and user management cost","USD"
"forest_managers","management_cost_usd","path_cost_sharing",-23499.2210670359,-55847.9774342313,-7758.64225373541,0,55847.9774342313,1,55847.9774342313,0.420771210465223,"Forest managers / land trust","Invasives and user management cost","USD"
"ecosystem","stems_lost","path_annual",-7661.62368982496,-18077.8221685214,-2562.18668260037,0,18077.8221685214,1,18077.8221685214,0.423813422789722,"Ecosystem (trees and wildlife)","Stems lost","stems"
"ecosystem","stems_lost","shoulders",-4058.35161143392,-10244.5912809149,-1170.8341608422,0,10244.5912809149,1,18077.8221685214,0.224493391604475,"Ecosystem (trees and wildlife)","Stems lost","stems"
"ecosystem","stems_lost","path_compensated",-7661.62368982496,-18077.8221685214,-2562.18668260037,0,18077.8221685214,1,18077.8221685214,0.423813422789722,"Ecosystem (trees and wildlife)","Stems lost","stems"
"ecosystem","stems_lost","shoulders_speed",-4058.35161143392,-10244.5912809149,-1170.8341608422,0,10244.5912809149,1,18077.8221685214,0.224493391604475,"Ecosystem (trees and wildlife)","Stems lost","stems"
"ecosystem","stems_lost","partial_path",-3064.64947592998,-7231.12886740855,-1024.87467304015,0,7231.12886740855,1,18077.8221685214,0.169525369115889,"Ecosystem (trees and wildlife)","Stems lost","stems"
"ecosystem","stems_lost","path_oneoff_annual",-7661.62368982496,-18077.8221685214,-2562.18668260037,0,18077.8221685214,1,18077.8221685214,0.423813422789722,"Ecosystem (trees and wildlife)","Stems lost","stems"
"ecosystem","stems_lost","carriage_path",-7661.62368982496,-18077.8221685214,-2562.18668260037,0,18077.8221685214,1,18077.8221685214,0.423813422789722,"Ecosystem (trees and wildlife)","Stems lost","stems"
"ecosystem","stems_lost","path_donated",-7661.62368982496,-18077.8221685214,-2562.18668260037,0,18077.8221685214,1,18077.8221685214,0.423813422789722,"Ecosystem (trees and wildlife)","Stems lost","stems"
"ecosystem","stems_lost","path_mitigated",-3830.22334222551,-9231.90901508765,-1263.34328017301,0,9231.90901508765,1,18077.8221685214,0.211874157546202,"Ecosystem (trees and wildlife)","Stems lost","stems"
"ecosystem","stems_lost","path_cost_sharing",-7661.62368982496,-18077.8221685214,-2562.18668260037,0,18077.8221685214,1,18077.8221685214,0.423813422789722,"Ecosystem (trees and wildlife)","Stems lost","stems"
"ecosystem","mature_trees_lost","shoulders",-1356.12916221935,-3825.67827509437,-352.273624703114,0,3825.67827509437,1,6628.43006055741,0.204592814562383,"Ecosystem (trees and wildlife)","Mature trees lost","trees"
"ecosystem","mature_trees_lost","path_compensated",-2574.49133236884,-6628.43006055741,-768.848083168114,0,6628.43006055741,1,6628.43006055741,0.388401372398631,"Ecosystem (trees and wildlife)","Mature trees lost","trees"
"ecosystem","mature_trees_lost","partial_path",-1029.79653294754,-2651.37202422297,-307.539233267246,0,2651.37202422297,1,6628.43006055741,0.155360548959452,"Ecosystem (trees and wildlife)","Mature trees lost","trees"
"ecosystem","mature_trees_lost","path_oneoff_annual",-2574.49133236884,-6628.43006055741,-768.848083168114,0,6628.43006055741,1,6628.43006055741,0.388401372398631,"Ecosystem (trees and wildlife)","Mature trees lost","trees"
"ecosystem","mature_trees_lost","path_annual",-2574.49133236884,-6628.43006055741,-768.848083168114,0,6628.43006055741,1,6628.43006055741,0.388401372398631,"Ecosystem (trees and wildlife)","Mature trees lost","trees"
"ecosystem","mature_trees_lost","shoulders_speed",-1356.12916221935,-3825.67827509437,-352.273624703114,0,3825.67827509437,1,6628.43006055741,0.204592814562383,"Ecosystem (trees and wildlife)","Mature trees lost","trees"
"ecosystem","mature_trees_lost","path_donated",-2574.49133236884,-6628.43006055741,-768.848083168114,0,6628.43006055741,1,6628.43006055741,0.388401372398631,"Ecosystem (trees and wildlife)","Mature trees lost","trees"
"ecosystem","mature_trees_lost","path_mitigated",-1289.86189520395,-3381.99716124177,-379.497896147031,0,3381.99716124177,1,6628.43006055741,0.194595384339845,"Ecosystem (trees and wildlife)","Mature trees lost","trees"
"ecosystem","mature_trees_lost","carriage_path",-2574.49133236884,-6628.43006055741,-768.848083168114,0,6628.43006055741,1,6628.43006055741,0.388401372398631,"Ecosystem (trees and wildlife)","Mature trees lost","trees"
"ecosystem","mature_trees_lost","path_cost_sharing",-2574.49133236884,-6628.43006055741,-768.848083168114,0,6628.43006055741,1,6628.43006055741,0.388401372398631,"Ecosystem (trees and wildlife)","Mature trees lost","trees"
"ecosystem","carbon_lost_tco2e","shoulders",-187.407730448516,-424.8846168916,-61.635088350094,0,424.8846168916,1,1426.1440293713,0.131408698272314,"Ecosystem (trees and wildlife)","Carbon lost (net of recovery)","tCO2e"
"ecosystem","carbon_lost_tco2e","partial_path",-251.587360527863,-570.457611748521,-80.2715970271175,0,570.457611748521,1,1426.1440293713,0.176410906154249,"Ecosystem (trees and wildlife)","Carbon lost (net of recovery)","tCO2e"
"ecosystem","carbon_lost_tco2e","shoulders_speed",-187.407730448516,-424.8846168916,-61.635088350094,0,424.8846168916,1,1426.1440293713,0.131408698272314,"Ecosystem (trees and wildlife)","Carbon lost (net of recovery)","tCO2e"
"ecosystem","carbon_lost_tco2e","path_compensated",-628.968401319657,-1426.1440293713,-200.678992567794,0,1426.1440293713,1,1426.1440293713,0.441027265385622,"Ecosystem (trees and wildlife)","Carbon lost (net of recovery)","tCO2e"
"ecosystem","carbon_lost_tco2e","path_mitigated",-264.166728554256,-598.980492335947,-84.2851768784734,0,598.980492335947,1,1426.1440293713,0.185231451461961,"Ecosystem (trees and wildlife)","Carbon lost (net of recovery)","tCO2e"
"ecosystem","carbon_lost_tco2e","path_annual",-628.968401319657,-1426.1440293713,-200.678992567794,0,1426.1440293713,1,1426.1440293713,0.441027265385622,"Ecosystem (trees and wildlife)","Carbon lost (net of recovery)","tCO2e"
"ecosystem","carbon_lost_tco2e","path_cost_sharing",-628.968401319657,-1426.1440293713,-200.678992567794,0,1426.1440293713,1,1426.1440293713,0.441027265385622,"Ecosystem (trees and wildlife)","Carbon lost (net of recovery)","tCO2e"
"ecosystem","carbon_lost_tco2e","path_oneoff_annual",-628.968401319657,-1426.1440293713,-200.678992567794,0,1426.1440293713,1,1426.1440293713,0.441027265385622,"Ecosystem (trees and wildlife)","Carbon lost (net of recovery)","tCO2e"
"ecosystem","carbon_lost_tco2e","carriage_path",-628.968401319657,-1426.1440293713,-200.678992567794,0,1426.1440293713,1,1426.1440293713,0.441027265385622,"Ecosystem (trees and wildlife)","Carbon lost (net of recovery)","tCO2e"
"ecosystem","carbon_lost_tco2e","path_donated",-628.968401319657,-1426.1440293713,-200.678992567794,0,1426.1440293713,1,1426.1440293713,0.441027265385622,"Ecosystem (trees and wildlife)","Carbon lost (net of recovery)","tCO2e"
"ecosystem","soil_sealed_ha","shoulders",0,0,0,0,0,1,1.46577868811714,0,"Ecosystem (trees and wildlife)","Soil sealed or compacted","ha"
"ecosystem","soil_sealed_ha","path_annual",-0.625345769274095,-1.46577868811714,-0.18085984991063,0,1.46577868811714,1,1.46577868811714,0.426630414498236,"Ecosystem (trees and wildlife)","Soil sealed or compacted","ha"
"ecosystem","soil_sealed_ha","carriage_path",-0.625345769274095,-1.46577868811714,-0.18085984991063,0,1.46577868811714,1,1.46577868811714,0.426630414498236,"Ecosystem (trees and wildlife)","Soil sealed or compacted","ha"
"ecosystem","soil_sealed_ha","path_compensated",-0.625345769274095,-1.46577868811714,-0.18085984991063,0,1.46577868811714,1,1.46577868811714,0.426630414498236,"Ecosystem (trees and wildlife)","Soil sealed or compacted","ha"
"ecosystem","soil_sealed_ha","path_mitigated",-0.26264522309512,-0.615627049009198,-0.0759611369624647,0,0.615627049009198,1,1.46577868811714,0.179184774089259,"Ecosystem (trees and wildlife)","Soil sealed or compacted","ha"
"ecosystem","soil_sealed_ha","partial_path",-0.100055323083855,-0.234524590098742,-0.0289375759857008,0,0.234524590098742,1,1.46577868811714,0.0682608663197177,"Ecosystem (trees and wildlife)","Soil sealed or compacted","ha"
"ecosystem","soil_sealed_ha","path_donated",-0.625345769274095,-1.46577868811714,-0.18085984991063,0,1.46577868811714,1,1.46577868811714,0.426630414498236,"Ecosystem (trees and wildlife)","Soil sealed or compacted","ha"
"ecosystem","soil_sealed_ha","shoulders_speed",0,0,0,0,0,1,1.46577868811714,0,"Ecosystem (trees and wildlife)","Soil sealed or compacted","ha"
"ecosystem","soil_sealed_ha","path_cost_sharing",-0.625345769274095,-1.46577868811714,-0.18085984991063,0,1.46577868811714,1,1.46577868811714,0.426630414498236,"Ecosystem (trees and wildlife)","Soil sealed or compacted","ha"
"ecosystem","soil_sealed_ha","path_oneoff_annual",-0.625345769274095,-1.46577868811714,-0.18085984991063,0,1.46577868811714,1,1.46577868811714,0.426630414498236,"Ecosystem (trees and wildlife)","Soil sealed or compacted","ha"
"ecosystem","habitat_loss_ha","path_compensated",-7.11461835391893,-14.551331711697,-2.8201749844871,0,14.551331711697,1,14.551331711697,0.488932456140758,"Ecosystem (trees and wildlife)","Habitat lost","ha"
"ecosystem","habitat_loss_ha","path_annual",-7.11461835391893,-14.551331711697,-2.8201749844871,0,14.551331711697,1,14.551331711697,0.488932456140758,"Ecosystem (trees and wildlife)","Habitat lost","ha"
"ecosystem","habitat_loss_ha","path_oneoff_annual",-7.11461835391893,-14.551331711697,-2.8201749844871,0,14.551331711697,1,14.551331711697,0.488932456140758,"Ecosystem (trees and wildlife)","Habitat lost","ha"
"ecosystem","habitat_loss_ha","path_mitigated",-3.78443006414501,-7.96637755208307,-1.44767851115167,0,7.96637755208307,1,14.551331711697,0.260074482468358,"Ecosystem (trees and wildlife)","Habitat lost","ha"
"ecosystem","habitat_loss_ha","path_donated",-7.11461835391893,-14.551331711697,-2.8201749844871,0,14.551331711697,1,14.551331711697,0.488932456140758,"Ecosystem (trees and wildlife)","Habitat lost","ha"
"ecosystem","habitat_loss_ha","partial_path",-2.84584734156757,-5.82053268467882,-1.12806999379484,0,5.82053268467882,1,14.551331711697,0.195572982456303,"Ecosystem (trees and wildlife)","Habitat lost","ha"
"ecosystem","habitat_loss_ha","carriage_path",-7.11461835391893,-14.551331711697,-2.8201749844871,0,14.551331711697,1,14.551331711697,0.488932456140758,"Ecosystem (trees and wildlife)","Habitat lost","ha"
"ecosystem","habitat_loss_ha","shoulders",-4.34852958260929,-9.83228446266376,-1.47141595363228,0,9.83228446266377,1,14.551331711697,0.298840660687691,"Ecosystem (trees and wildlife)","Habitat lost","ha"
"ecosystem","habitat_loss_ha","shoulders_speed",-4.34852958260929,-9.83228446266376,-1.47141595363228,0,9.83228446266377,1,14.551331711697,0.298840660687691,"Ecosystem (trees and wildlife)","Habitat lost","ha"
"ecosystem","habitat_loss_ha","path_cost_sharing",-7.11461835391893,-14.551331711697,-2.8201749844871,0,14.551331711697,1,14.551331711697,0.488932456140758,"Ecosystem (trees and wildlife)","Habitat lost","ha"
"ecosystem","squirrel_litters_lost","path_compensated",-146.178964008537,-425.326254175403,-36.5203296145123,0,425.326254175403,1,425.326254175403,0.34368667011149,"Ecosystem (trees and wildlife)","Squirrel litters lost","litters"
"ecosystem","squirrel_litters_lost","path_mitigated",-77.1468041654496,-231.967407249007,-18.7748236273194,0,231.967407249007,1,425.326254175403,0.181382652512287,"Ecosystem (trees and wildlife)","Squirrel litters lost","litters"
"ecosystem","squirrel_litters_lost","partial_path",-58.4715856034149,-170.130501670161,-14.6081318458049,0,170.130501670161,1,425.326254175403,0.137474668044596,"Ecosystem (trees and wildlife)","Squirrel litters lost","litters"
"ecosystem","squirrel_litters_lost","shoulders",-89.8021012514251,-275.60934817579,-19.340863656603,0,275.60934817579,1,425.326254175403,0.211136981011266,"Ecosystem (trees and wildlife)","Squirrel litters lost","litters"
"ecosystem","squirrel_litters_lost","path_oneoff_annual",-146.178964008537,-425.326254175403,-36.5203296145123,0,425.326254175403,1,425.326254175403,0.34368667011149,"Ecosystem (trees and wildlife)","Squirrel litters lost","litters"
"ecosystem","squirrel_litters_lost","path_annual",-146.178964008537,-425.326254175403,-36.5203296145123,0,425.326254175403,1,425.326254175403,0.34368667011149,"Ecosystem (trees and wildlife)","Squirrel litters lost","litters"
"ecosystem","squirrel_litters_lost","path_donated",-146.178964008537,-425.326254175403,-36.5203296145123,0,425.326254175403,1,425.326254175403,0.34368667011149,"Ecosystem (trees and wildlife)","Squirrel litters lost","litters"
"ecosystem","squirrel_litters_lost","carriage_path",-146.178964008537,-425.326254175403,-36.5203296145123,0,425.326254175403,1,425.326254175403,0.34368667011149,"Ecosystem (trees and wildlife)","Squirrel litters lost","litters"
"ecosystem","squirrel_litters_lost","shoulders_speed",-89.8021012514251,-275.60934817579,-19.340863656603,0,275.60934817579,1,425.326254175403,0.211136981011266,"Ecosystem (trees and wildlife)","Squirrel litters lost","litters"
"ecosystem","squirrel_litters_lost","path_cost_sharing",-146.178964008537,-425.326254175403,-36.5203296145123,0,425.326254175403,1,425.326254175403,0.34368667011149,"Ecosystem (trees and wildlife)","Squirrel litters lost","litters"
"ecosystem","roadkill_change","path_mitigated",31.5299723049701,2.75418108479711,145.164928542565,0.9876,145.164928542565,0.9752,145.164928542565,0.217201032105527,"Ecosystem (trees and wildlife)","Road deaths avoided","animals"
"ecosystem","roadkill_change","path_oneoff_annual",31.5299723049701,2.75418108479711,145.164928542565,0.9876,145.164928542565,0.9752,145.164928542565,0.217201032105527,"Ecosystem (trees and wildlife)","Road deaths avoided","animals"
"ecosystem","roadkill_change","shoulders",6.19438130483146,0.586914151600026,27.740236327774,0.9876,27.740236327774,0.9752,145.164928542565,0.0426713350602116,"Ecosystem (trees and wildlife)","Road deaths avoided","animals"
"ecosystem","roadkill_change","partial_path",12.6119889219881,1.10167243391885,58.065971417026,0.9876,58.065971417026,0.9752,145.164928542565,0.0868804128422107,"Ecosystem (trees and wildlife)","Road deaths avoided","animals"
"ecosystem","roadkill_change","path_compensated",31.5299723049701,2.75418108479711,145.164928542565,0.9876,145.164928542565,0.9752,145.164928542565,0.217201032105527,"Ecosystem (trees and wildlife)","Road deaths avoided","animals"
"ecosystem","roadkill_change","path_annual",31.5299723049701,2.75418108479711,145.164928542565,0.9876,145.164928542565,0.9752,145.164928542565,0.217201032105527,"Ecosystem (trees and wildlife)","Road deaths avoided","animals"
"ecosystem","roadkill_change","path_donated",31.5299723049701,2.75418108479711,145.164928542565,0.9876,145.164928542565,0.9752,145.164928542565,0.217201032105527,"Ecosystem (trees and wildlife)","Road deaths avoided","animals"
"ecosystem","roadkill_change","shoulders_speed",6.19438130483146,0.586914151600026,27.740236327774,0.9876,27.740236327774,0.9752,145.164928542565,0.0426713350602116,"Ecosystem (trees and wildlife)","Road deaths avoided","animals"
"ecosystem","roadkill_change","path_cost_sharing",31.5299723049701,2.75418108479711,145.164928542565,0.9876,145.164928542565,0.9752,145.164928542565,0.217201032105527,"Ecosystem (trees and wildlife)","Road deaths avoided","animals"
"ecosystem","roadkill_change","carriage_path",31.5299723049701,2.75418108479711,145.164928542565,0.9876,145.164928542565,0.9752,145.164928542565,0.217201032105527,"Ecosystem (trees and wildlife)","Road deaths avoided","animals"
"ecosystem","disturbance_events","path_compensated",-1148.62386323019,-3689.48737601616,-153.5037103446,0.002,3689.48737601616,0.996,3689.48737601616,0.31132342956285,"Ecosystem (trees and wildlife)","Trail disturbance events","events"
"ecosystem","disturbance_events","path_annual",-1148.62386323019,-3689.48737601616,-153.5037103446,0.002,3689.48737601616,0.996,3689.48737601616,0.31132342956285,"Ecosystem (trees and wildlife)","Trail disturbance events","events"
"ecosystem","disturbance_events","shoulders_speed",0,0,0,0,0,1,3689.48737601616,0,"Ecosystem (trees and wildlife)","Trail disturbance events","events"
"ecosystem","disturbance_events","path_mitigated",-1148.62386323019,-3689.48737601616,-153.5037103446,0.002,3689.48737601616,0.996,3689.48737601616,0.31132342956285,"Ecosystem (trees and wildlife)","Trail disturbance events","events"
"ecosystem","disturbance_events","partial_path",-183.77981811683,-590.317980162585,-24.5605936551359,0.002,590.317980162585,0.996,3689.48737601616,0.049811748730056,"Ecosystem (trees and wildlife)","Trail disturbance events","events"
"ecosystem","disturbance_events","path_oneoff_annual",-1148.62386323019,-3689.48737601616,-153.5037103446,0.002,3689.48737601616,0.996,3689.48737601616,0.31132342956285,"Ecosystem (trees and wildlife)","Trail disturbance events","events"
"ecosystem","disturbance_events","shoulders",0,0,0,0,0,1,3689.48737601616,0,"Ecosystem (trees and wildlife)","Trail disturbance events","events"
"ecosystem","disturbance_events","carriage_path",-1148.62386323019,-3689.48737601616,-153.5037103446,0.002,3689.48737601616,0.996,3689.48737601616,0.31132342956285,"Ecosystem (trees and wildlife)","Trail disturbance events","events"
"ecosystem","disturbance_events","path_donated",-1148.62386323019,-3689.48737601616,-153.5037103446,0.002,3689.48737601616,0.996,3689.48737601616,0.31132342956285,"Ecosystem (trees and wildlife)","Trail disturbance events","events"
"ecosystem","disturbance_events","path_cost_sharing",-1148.62386323019,-3689.48737601616,-153.5037103446,0.002,3689.48737601616,0.996,3689.48737601616,0.31132342956285,"Ecosystem (trees and wildlife)","Trail disturbance events","events"
"cyclists","injuries_avoided_count","path_compensated",4.61032654498401,-4.89206543403275,24.2139132741041,0.8344,24.5973384891525,0.6688,24.5973384891525,0.187431926710981,"Cyclists","Injury crashes avoided","crashes"
"cyclists","injuries_avoided_count","shoulders",1.18657155554702,-4.49415140068918,10.0186324075528,0.713,10.5920724486345,0.426,24.5973384891525,0.0482398352191764,"Cyclists","Injury crashes avoided","crashes"
"cyclists","injuries_avoided_count","path_mitigated",4.61032654498401,-4.89206543403275,24.2139132741041,0.8344,24.5973384891525,0.6688,24.5973384891525,0.187431926710981,"Cyclists","Injury crashes avoided","crashes"
"cyclists","injuries_avoided_count","path_annual",4.61032654498401,-4.89206543403275,24.2139132741041,0.8344,24.5973384891525,0.6688,24.5973384891525,0.187431926710981,"Cyclists","Injury crashes avoided","crashes"
"cyclists","injuries_avoided_count","path_oneoff_annual",4.61032654498401,-4.89206543403275,24.2139132741041,0.8344,24.5973384891525,0.6688,24.5973384891525,0.187431926710981,"Cyclists","Injury crashes avoided","crashes"
"cyclists","injuries_avoided_count","shoulders_speed",3.39602079710543,-0.652644873998497,14.8077408863491,0.9196,14.9555899603331,0.8392,24.5973384891525,0.138064563310502,"Cyclists","Injury crashes avoided","crashes"
"cyclists","injuries_avoided_count","path_donated",4.61032654498401,-4.89206543403275,24.2139132741041,0.8344,24.5973384891525,0.6688,24.5973384891525,0.187431926710981,"Cyclists","Injury crashes avoided","crashes"
"cyclists","injuries_avoided_count","partial_path",-2.49003728442479,-16.2546601461727,3.24784544670773,0.201,16.3023129172424,0.598,24.5973384891525,0.101231980261722,"Cyclists","Injury crashes avoided","crashes"
"cyclists","injuries_avoided_count","carriage_path",4.61032654498401,-4.89206543403275,24.2139132741041,0.8344,24.5973384891525,0.6688,24.5973384891525,0.187431926710981,"Cyclists","Injury crashes avoided","crashes"
"cyclists","injuries_avoided_count","path_cost_sharing",4.61032654498401,-4.89206543403275,24.2139132741041,0.8344,24.5973384891525,0.6688,24.5973384891525,0.187431926710981,"Cyclists","Injury crashes avoided","crashes"
"cyclists","injury_cost_avoided_usd","path_mitigated",124001.232234888,-152137.729793591,881200.395106357,0.8344,911035.953639509,0.6688,911035.953639509,0.136110141141536,"Cyclists","Injury cost avoided","USD"
"cyclists","injury_cost_avoided_usd","shoulders",31018.3963690586,-153339.11018413,351497.539103398,0.713,381769.00918715,0.426,911035.953639509,0.0340473899467335,"Cyclists","Injury cost avoided","USD"
"cyclists","injury_cost_avoided_usd","partial_path",-68832.2035767103,-558234.307054893,104262.63902944,0.201,563512.34654763,0.598,911035.953639509,0.0755537729347911,"Cyclists","Injury cost avoided","USD"
"cyclists","injury_cost_avoided_usd","path_oneoff_annual",124001.232234888,-152137.729793591,881200.395106357,0.8344,911035.953639509,0.6688,911035.953639509,0.136110141141536,"Cyclists","Injury cost avoided","USD"
"cyclists","injury_cost_avoided_usd","path_compensated",124001.232234888,-152137.729793591,881200.395106357,0.8344,911035.953639509,0.6688,911035.953639509,0.136110141141536,"Cyclists","Injury cost avoided","USD"
"cyclists","injury_cost_avoided_usd","shoulders_speed",92053.030390081,-19159.6397254529,545306.667448171,0.9196,549315.881744791,0.8392,911035.953639509,0.101042148800316,"Cyclists","Injury cost avoided","USD"
"cyclists","injury_cost_avoided_usd","path_donated",124001.232234888,-152137.729793591,881200.395106357,0.8344,911035.953639509,0.6688,911035.953639509,0.136110141141536,"Cyclists","Injury cost avoided","USD"
"cyclists","injury_cost_avoided_usd","path_annual",124001.232234888,-152137.729793591,881200.395106357,0.8344,911035.953639509,0.6688,911035.953639509,0.136110141141536,"Cyclists","Injury cost avoided","USD"
"cyclists","injury_cost_avoided_usd","path_cost_sharing",124001.232234888,-152137.729793591,881200.395106357,0.8344,911035.953639509,0.6688,911035.953639509,0.136110141141536,"Cyclists","Injury cost avoided","USD"
"cyclists","injury_cost_avoided_usd","carriage_path",124001.232234888,-152137.729793591,881200.395106357,0.8344,911035.953639509,0.6688,911035.953639509,0.136110141141536,"Cyclists","Injury cost avoided","USD"
"cyclists","health_benefit_usd","path_mitigated",1135185.4650213,131762.192373777,3717258.15499831,0.9876,3717258.15499831,0.9752,3717258.15499831,0.305382466777267,"Cyclists","Health benefit of added riding","USD"
"cyclists","health_benefit_usd","shoulders",222259.385273465,26197.6278618922,731077.972410247,0.9876,731077.972410247,0.9752,3717258.15499831,0.0597912160000537,"Cyclists","Health benefit of added riding","USD"
"cyclists","health_benefit_usd","path_compensated",1135185.4650213,131762.192373777,3717258.15499831,0.9876,3717258.15499831,0.9752,3717258.15499831,0.305382466777267,"Cyclists","Health benefit of added riding","USD"
"cyclists","health_benefit_usd","path_donated",1135185.4650213,131762.192373777,3717258.15499831,0.9876,3717258.15499831,0.9752,3717258.15499831,0.305382466777267,"Cyclists","Health benefit of added riding","USD"
"cyclists","health_benefit_usd","path_annual",1135185.4650213,131762.192373777,3717258.15499831,0.9876,3717258.15499831,0.9752,3717258.15499831,0.305382466777267,"Cyclists","Health benefit of added riding","USD"
"cyclists","health_benefit_usd","partial_path",454074.186008518,52704.8769495109,1486903.26199932,0.9876,1486903.26199932,0.9752,3717258.15499831,0.122152986710907,"Cyclists","Health benefit of added riding","USD"
"cyclists","health_benefit_usd","path_cost_sharing",1135185.4650213,131762.192373777,3717258.15499831,0.9876,3717258.15499831,0.9752,3717258.15499831,0.305382466777267,"Cyclists","Health benefit of added riding","USD"
"cyclists","health_benefit_usd","path_oneoff_annual",1135185.4650213,131762.192373777,3717258.15499831,0.9876,3717258.15499831,0.9752,3717258.15499831,0.305382466777267,"Cyclists","Health benefit of added riding","USD"
"cyclists","health_benefit_usd","shoulders_speed",222259.385273465,26197.6278618922,731077.972410247,0.9876,731077.972410247,0.9752,3717258.15499831,0.0597912160000537,"Cyclists","Health benefit of added riding","USD"
"cyclists","health_benefit_usd","carriage_path",1135185.4650213,131762.192373777,3717258.15499831,0.9876,3717258.15499831,0.9752,3717258.15499831,0.305382466777267,"Cyclists","Health benefit of added riding","USD"
"cyclists","wellbeing_pts","shoulders_speed",16749.9989244288,3876.21594688947,41940.3339746619,0.9998,41940.3339746619,0.9996,182268.523367292,0.0918973754490547,"Cyclists","Wellbeing (freedom, less fear)","wellbeing pts"
"cyclists","wellbeing_pts","path_compensated",68824.516291176,15170.9511057542,182268.523367292,0.9994,182268.523367292,0.9988,182268.523367292,0.37759957133403,"Cyclists","Wellbeing (freedom, less fear)","wellbeing pts"
"cyclists","wellbeing_pts","path_mitigated",68824.516291176,15170.9511057542,182268.523367292,0.9994,182268.523367292,0.9988,182268.523367292,0.37759957133403,"Cyclists","Wellbeing (freedom, less fear)","wellbeing pts"
"cyclists","wellbeing_pts","path_oneoff_annual",68824.516291176,15170.9511057542,182268.523367292,0.9994,182268.523367292,0.9988,182268.523367292,0.37759957133403,"Cyclists","Wellbeing (freedom, less fear)","wellbeing pts"
"cyclists","wellbeing_pts","path_annual",68824.516291176,15170.9511057542,182268.523367292,0.9994,182268.523367292,0.9988,182268.523367292,0.37759957133403,"Cyclists","Wellbeing (freedom, less fear)","wellbeing pts"
"cyclists","wellbeing_pts","partial_path",33403.6501620038,7711.33226252798,84244.5298538262,0.9994,84244.5298538262,0.9988,182268.523367292,0.183266147905811,"Cyclists","Wellbeing (freedom, less fear)","wellbeing pts"
"cyclists","wellbeing_pts","carriage_path",68824.516291176,15170.9511057542,182268.523367292,0.9994,182268.523367292,0.9988,182268.523367292,0.37759957133403,"Cyclists","Wellbeing (freedom, less fear)","wellbeing pts"
"cyclists","wellbeing_pts","path_donated",68824.516291176,15170.9511057542,182268.523367292,0.9994,182268.523367292,0.9988,182268.523367292,0.37759957133403,"Cyclists","Wellbeing (freedom, less fear)","wellbeing pts"
"cyclists","wellbeing_pts","path_cost_sharing",68824.516291176,15170.9511057542,182268.523367292,0.9994,182268.523367292,0.9988,182268.523367292,0.37759957133403,"Cyclists","Wellbeing (freedom, less fear)","wellbeing pts"
"cyclists","wellbeing_pts","shoulders",16749.9989244288,3876.21594688947,41940.3339746619,0.9998,41940.3339746619,0.9996,182268.523367292,0.0918973754490547,"Cyclists","Wellbeing (freedom, less fear)","wellbeing pts"
"hikers_walkers","access_gain_pts","path_annual",11580.8429440403,1030.82896226488,36428.9279618701,0.9794,36428.9279618701,0.9588,36428.9279618701,0.31790238121094,"Hikers and walkers","Safer access to trailheads","wellbeing pts"
"hikers_walkers","access_gain_pts","path_compensated",11580.8429440403,1030.82896226488,36428.9279618701,0.9794,36428.9279618701,0.9588,36428.9279618701,0.31790238121094,"Hikers and walkers","Safer access to trailheads","wellbeing pts"
"hikers_walkers","access_gain_pts","path_donated",11580.8429440403,1030.82896226488,36428.9279618701,0.9794,36428.9279618701,0.9588,36428.9279618701,0.31790238121094,"Hikers and walkers","Safer access to trailheads","wellbeing pts"
"hikers_walkers","access_gain_pts","path_oneoff_annual",11580.8429440403,1030.82896226488,36428.9279618701,0.9794,36428.9279618701,0.9588,36428.9279618701,0.31790238121094,"Hikers and walkers","Safer access to trailheads","wellbeing pts"
"hikers_walkers","access_gain_pts","shoulders_speed",991.697827470832,-11.4980689677379,3593.0281037377,0.9472,3593.0281037377,0.8944,36428.9279618701,0.0272228111820594,"Hikers and walkers","Safer access to trailheads","wellbeing pts"
"hikers_walkers","access_gain_pts","carriage_path",11580.8429440403,1030.82896226488,36428.9279618701,0.9794,36428.9279618701,0.9588,36428.9279618701,0.31790238121094,"Hikers and walkers","Safer access to trailheads","wellbeing pts"
"hikers_walkers","access_gain_pts","partial_path",4632.33717761612,412.331584905951,14571.571184748,0.9794,14571.571184748,0.9588,36428.9279618701,0.127160952484376,"Hikers and walkers","Safer access to trailheads","wellbeing pts"
"hikers_walkers","access_gain_pts","path_mitigated",11580.8429440403,1030.82896226488,36428.9279618701,0.9794,36428.9279618701,0.9588,36428.9279618701,0.31790238121094,"Hikers and walkers","Safer access to trailheads","wellbeing pts"
"hikers_walkers","access_gain_pts","shoulders",991.697827470832,-11.4980689677379,3593.0281037377,0.9472,3593.0281037377,0.8944,36428.9279618701,0.0272228111820594,"Hikers and walkers","Safer access to trailheads","wellbeing pts"
"hikers_walkers","access_gain_pts","path_cost_sharing",11580.8429440403,1030.82896226488,36428.9279618701,0.9794,36428.9279618701,0.9588,36428.9279618701,0.31790238121094,"Hikers and walkers","Safer access to trailheads","wellbeing pts"
"hikers_walkers","solitude_loss_pts","partial_path",-951.720261899509,-4027.79998657048,-73.4041867484642,0.0124,4027.79998657048,0.9752,25173.7499160655,0.0378060584963599,"Hikers and walkers","Loss of solitude","wellbeing pts"
"hikers_walkers","solitude_loss_pts","carriage_path",-5948.25163687193,-25173.7499160655,-458.776167177901,0.0124,25173.7499160655,0.9752,25173.7499160655,0.23628786560225,"Hikers and walkers","Loss of solitude","wellbeing pts"
"hikers_walkers","solitude_loss_pts","path_annual",-5948.25163687193,-25173.7499160655,-458.776167177901,0.0124,25173.7499160655,0.9752,25173.7499160655,0.23628786560225,"Hikers and walkers","Loss of solitude","wellbeing pts"
"hikers_walkers","solitude_loss_pts","path_compensated",-5948.25163687193,-25173.7499160655,-458.776167177901,0.0124,25173.7499160655,0.9752,25173.7499160655,0.23628786560225,"Hikers and walkers","Loss of solitude","wellbeing pts"
"hikers_walkers","solitude_loss_pts","shoulders_speed",0,0,0,0,0,1,25173.7499160655,0,"Hikers and walkers","Loss of solitude","wellbeing pts"
"hikers_walkers","solitude_loss_pts","path_mitigated",-5948.25163687193,-25173.7499160655,-458.776167177901,0.0124,25173.7499160655,0.9752,25173.7499160655,0.23628786560225,"Hikers and walkers","Loss of solitude","wellbeing pts"
"hikers_walkers","solitude_loss_pts","path_donated",-5948.25163687193,-25173.7499160655,-458.776167177901,0.0124,25173.7499160655,0.9752,25173.7499160655,0.23628786560225,"Hikers and walkers","Loss of solitude","wellbeing pts"
"hikers_walkers","solitude_loss_pts","path_cost_sharing",-5948.25163687193,-25173.7499160655,-458.776167177901,0.0124,25173.7499160655,0.9752,25173.7499160655,0.23628786560225,"Hikers and walkers","Loss of solitude","wellbeing pts"
"hikers_walkers","solitude_loss_pts","shoulders",0,0,0,0,0,1,25173.7499160655,0,"Hikers and walkers","Loss of solitude","wellbeing pts"
"hikers_walkers","solitude_loss_pts","path_oneoff_annual",-5948.25163687193,-25173.7499160655,-458.776167177901,0.0124,25173.7499160655,0.9752,25173.7499160655,0.23628786560225,"Hikers and walkers","Loss of solitude","wellbeing pts"
"hikers_walkers","conflict_incidents","path_annual",-37.4676556029386,-160.22584399463,-2.33266588893072,0.0124,160.22584399463,0.9752,160.22584399463,0.233842772606611,"Hikers and walkers","Bike-hiker conflict incidents","incidents"
"hikers_walkers","conflict_incidents","partial_path",-5.99482489647019,-25.6361350391409,-0.373226542228915,0.0124,25.6361350391409,0.9752,160.22584399463,0.0374148436170577,"Hikers and walkers","Bike-hiker conflict incidents","incidents"
"hikers_walkers","conflict_incidents","carriage_path",-37.4676556029386,-160.22584399463,-2.33266588893072,0.0124,160.22584399463,0.9752,160.22584399463,0.233842772606611,"Hikers and walkers","Bike-hiker conflict incidents","incidents"
"hikers_walkers","conflict_incidents","path_compensated",-37.4676556029386,-160.22584399463,-2.33266588893072,0.0124,160.22584399463,0.9752,160.22584399463,0.233842772606611,"Hikers and walkers","Bike-hiker conflict incidents","incidents"
"hikers_walkers","conflict_incidents","shoulders_speed",0,0,0,0,0,1,160.22584399463,0,"Hikers and walkers","Bike-hiker conflict incidents","incidents"
"hikers_walkers","conflict_incidents","path_mitigated",-37.4676556029386,-160.22584399463,-2.33266588893072,0.0124,160.22584399463,0.9752,160.22584399463,0.233842772606611,"Hikers and walkers","Bike-hiker conflict incidents","incidents"
"hikers_walkers","conflict_incidents","path_donated",-37.4676556029386,-160.22584399463,-2.33266588893072,0.0124,160.22584399463,0.9752,160.22584399463,0.233842772606611,"Hikers and walkers","Bike-hiker conflict incidents","incidents"
"hikers_walkers","conflict_incidents","path_oneoff_annual",-37.4676556029386,-160.22584399463,-2.33266588893072,0.0124,160.22584399463,0.9752,160.22584399463,0.233842772606611,"Hikers and walkers","Bike-hiker conflict incidents","incidents"
"hikers_walkers","conflict_incidents","path_cost_sharing",-37.4676556029386,-160.22584399463,-2.33266588893072,0.0124,160.22584399463,0.9752,160.22584399463,0.233842772606611,"Hikers and walkers","Bike-hiker conflict incidents","incidents"
"hikers_walkers","conflict_incidents","shoulders",0,0,0,0,0,1,160.22584399463,0,"Hikers and walkers","Bike-hiker conflict incidents","incidents"
"hikers_walkers","wild_character_loss_pts","carriage_path",-6.17981179558094,-17.8521997101907,-1.11547704034248,0,17.8521997101907,1,17.8521997101907,0.34616528472137,"Hikers and walkers","Loss of wild character","wellbeing pts"
"hikers_walkers","wild_character_loss_pts","partial_path",-2.47192471823238,-7.1408798840763,-0.446190816136994,0,7.1408798840763,1,17.8521997101907,0.138466113888548,"Hikers and walkers","Loss of wild character","wellbeing pts"
"hikers_walkers","wild_character_loss_pts","shoulders_speed",-1.87211834284329,-5.22563451099099,-0.304765754704637,0,5.22563451099099,1,17.8521997101907,0.10486765626841,"Hikers and walkers","Loss of wild character","wellbeing pts"
"hikers_walkers","wild_character_loss_pts","shoulders",-1.87211834284329,-5.22563451099099,-0.304765754704637,0,5.22563451099099,1,17.8521997101907,0.10486765626841,"Hikers and walkers","Loss of wild character","wellbeing pts"
"hikers_walkers","wild_character_loss_pts","path_cost_sharing",-6.17981179558094,-17.8521997101907,-1.11547704034248,0,17.8521997101907,1,17.8521997101907,0.34616528472137,"Hikers and walkers","Loss of wild character","wellbeing pts"
"hikers_walkers","wild_character_loss_pts","path_mitigated",-2.59552095414399,-7.49792387828011,-0.468500356943843,0,7.49792387828011,1,17.8521997101907,0.145389419582975,"Hikers and walkers","Loss of wild character","wellbeing pts"
"hikers_walkers","wild_character_loss_pts","path_annual",-6.17981179558094,-17.8521997101907,-1.11547704034248,0,17.8521997101907,1,17.8521997101907,0.34616528472137,"Hikers and walkers","Loss of wild character","wellbeing pts"
"hikers_walkers","wild_character_loss_pts","path_compensated",-6.17981179558094,-17.8521997101907,-1.11547704034248,0,17.8521997101907,1,17.8521997101907,0.34616528472137,"Hikers and walkers","Loss of wild character","wellbeing pts"
"hikers_walkers","wild_character_loss_pts","path_donated",-6.17981179558094,-17.8521997101907,-1.11547704034248,0,17.8521997101907,1,17.8521997101907,0.34616528472137,"Hikers and walkers","Loss of wild character","wellbeing pts"
"hikers_walkers","wild_character_loss_pts","path_oneoff_annual",-6.17981179558094,-17.8521997101907,-1.11547704034248,0,17.8521997101907,1,17.8521997101907,0.34616528472137,"Hikers and walkers","Loss of wild character","wellbeing pts"
"drivers_residents","delay_saving_usd","partial_path",-12151.0246851768,-90754.8724050017,15814.9477577601,0.2044,91088.9637666841,0.5912,184655.3502965,0.0658038051194614,"Drivers and road residents","Delay time saved","USD"
"drivers_residents","delay_saving_usd","carriage_path",33712.6854217128,-36924.0968178002,180106.125093964,0.8404,184655.3502965,0.6808,184655.3502965,0.182570856287568,"Drivers and road residents","Delay time saved","USD"
"drivers_residents","delay_saving_usd","path_compensated",33712.6854217128,-36924.0968178002,180106.125093964,0.8404,184655.3502965,0.6808,184655.3502965,0.182570856287568,"Drivers and road residents","Delay time saved","USD"
"drivers_residents","delay_saving_usd","path_cost_sharing",33712.6854217128,-36924.0968178002,180106.125093964,0.8404,184655.3502965,0.6808,184655.3502965,0.182570856287568,"Drivers and road residents","Delay time saved","USD"
"drivers_residents","delay_saving_usd","shoulders",-18748.8308213704,-80540.4280243632,-2148.28604547076,0.0124,80540.4280243632,0.9752,184655.3502965,0.101534186749886,"Drivers and road residents","Delay time saved","USD"
"drivers_residents","delay_saving_usd","path_oneoff_annual",33712.6854217128,-36924.0968178002,180106.125093964,0.8404,184655.3502965,0.6808,184655.3502965,0.182570856287568,"Drivers and road residents","Delay time saved","USD"
"drivers_residents","delay_saving_usd","path_annual",33712.6854217128,-36924.0968178002,180106.125093964,0.8404,184655.3502965,0.6808,184655.3502965,0.182570856287568,"Drivers and road residents","Delay time saved","USD"
"drivers_residents","delay_saving_usd","shoulders_speed",-18748.8308213704,-80540.4280243632,-2148.28604547076,0.0124,80540.4280243632,0.9752,184655.3502965,0.101534186749886,"Drivers and road residents","Delay time saved","USD"
"drivers_residents","delay_saving_usd","path_donated",33712.6854217128,-36924.0968178002,180106.125093964,0.8404,184655.3502965,0.6808,184655.3502965,0.182570856287568,"Drivers and road residents","Delay time saved","USD"
"drivers_residents","delay_saving_usd","path_mitigated",33712.6854217128,-36924.0968178002,180106.125093964,0.8404,184655.3502965,0.6808,184655.3502965,0.182570856287568,"Drivers and road residents","Delay time saved","USD"
"drivers_residents","near_miss_stress_pts","path_cost_sharing",471.388610937182,-513.941211410235,2822.08711542999,0.8404,2887.49963533533,0.6808,2887.49963533533,0.163251487608392,"Drivers and road residents","Near-miss stress relief","wellbeing pts"
"drivers_residents","near_miss_stress_pts","path_mitigated",471.388610937182,-513.941211410235,2822.08711542999,0.8404,2887.49963533533,0.6808,2887.49963533533,0.163251487608392,"Drivers and road residents","Near-miss stress relief","wellbeing pts"
"drivers_residents","near_miss_stress_pts","path_annual",471.388610937182,-513.941211410235,2822.08711542999,0.8404,2887.49963533533,0.6808,2887.49963533533,0.163251487608392,"Drivers and road residents","Near-miss stress relief","wellbeing pts"
"drivers_residents","near_miss_stress_pts","carriage_path",471.388610937182,-513.941211410235,2822.08711542999,0.8404,2887.49963533533,0.6808,2887.49963533533,0.163251487608392,"Drivers and road residents","Near-miss stress relief","wellbeing pts"
"drivers_residents","near_miss_stress_pts","shoulders",-274.536386613958,-1241.76909786513,-19.3039307894849,0.0124,1241.76909786513,0.9752,2887.49963533533,0.0950775484971016,"Drivers and road residents","Near-miss stress relief","wellbeing pts"
"drivers_residents","near_miss_stress_pts","path_oneoff_annual",471.388610937182,-513.941211410235,2822.08711542999,0.8404,2887.49963533533,0.6808,2887.49963533533,0.163251487608392,"Drivers and road residents","Near-miss stress relief","wellbeing pts"
"drivers_residents","near_miss_stress_pts","path_compensated",471.388610937182,-513.941211410235,2822.08711542999,0.8404,2887.49963533533,0.6808,2887.49963533533,0.163251487608392,"Drivers and road residents","Near-miss stress relief","wellbeing pts"
"drivers_residents","near_miss_stress_pts","path_donated",471.388610937182,-513.941211410235,2822.08711542999,0.8404,2887.49963533533,0.6808,2887.49963533533,0.163251487608392,"Drivers and road residents","Near-miss stress relief","wellbeing pts"
"drivers_residents","near_miss_stress_pts","partial_path",-167.310181134438,-1345.80316835035,236.5766343582,0.2044,1368.48377509436,0.5912,2887.49963533533,0.0579429271910568,"Drivers and road residents","Near-miss stress relief","wellbeing pts"
"drivers_residents","near_miss_stress_pts","shoulders_speed",-274.536386613958,-1241.76909786513,-19.3039307894849,0.0124,1241.76909786513,0.9752,2887.49963533533,0.0950775484971016,"Drivers and road residents","Near-miss stress relief","wellbeing pts"
"drivers_residents","winter_driving_cost_usd","path_cost_sharing",0,0,0,0,0,1,96492.8421045036,0,"Drivers and road residents","Winter narrowing cost","USD"
"drivers_residents","winter_driving_cost_usd","carriage_path",0,0,0,0,0,1,96492.8421045036,0,"Drivers and road residents","Winter narrowing cost","USD"
"drivers_residents","winter_driving_cost_usd","path_oneoff_annual",0,0,0,0,0,1,96492.8421045036,0,"Drivers and road residents","Winter narrowing cost","USD"
"drivers_residents","winter_driving_cost_usd","path_compensated",0,0,0,0,0,1,96492.8421045036,0,"Drivers and road residents","Winter narrowing cost","USD"
"drivers_residents","winter_driving_cost_usd","path_mitigated",0,0,0,0,0,1,96492.8421045036,0,"Drivers and road residents","Winter narrowing cost","USD"
"drivers_residents","winter_driving_cost_usd","path_donated",0,0,0,0,0,1,96492.8421045036,0,"Drivers and road residents","Winter narrowing cost","USD"
"drivers_residents","winter_driving_cost_usd","path_annual",0,0,0,0,0,1,96492.8421045036,0,"Drivers and road residents","Winter narrowing cost","USD"
"drivers_residents","winter_driving_cost_usd","shoulders",-41036.4545018645,-96492.8421045036,-182.355759826674,0.049,96492.8421045036,0.902,96492.8421045036,0.425279778342742,"Drivers and road residents","Winter narrowing cost","USD"
"drivers_residents","winter_driving_cost_usd","partial_path",0,0,0,0,0,1,96492.8421045036,0,"Drivers and road residents","Winter narrowing cost","USD"
"drivers_residents","winter_driving_cost_usd","shoulders_speed",-41036.4545018645,-96492.8421045036,-182.355759826674,0.049,96492.8421045036,0.902,96492.8421045036,0.425279778342742,"Drivers and road residents","Winter narrowing cost","USD"
"drivers_residents","speed_delay_cost_usd","carriage_path",0,0,0,0,0,1,6885691.67346715,0,"Drivers and road residents","Lower speed limit delay","USD"
"drivers_residents","speed_delay_cost_usd","path_cost_sharing",0,0,0,0,0,1,6885691.67346715,0,"Drivers and road residents","Lower speed limit delay","USD"
"drivers_residents","speed_delay_cost_usd","shoulders",0,0,0,0,0,1,6885691.67346715,0,"Drivers and road residents","Lower speed limit delay","USD"
"drivers_residents","speed_delay_cost_usd","path_compensated",0,0,0,0,0,1,6885691.67346715,0,"Drivers and road residents","Lower speed limit delay","USD"
"drivers_residents","speed_delay_cost_usd","path_mitigated",0,0,0,0,0,1,6885691.67346715,0,"Drivers and road residents","Lower speed limit delay","USD"
"drivers_residents","speed_delay_cost_usd","path_annual",0,0,0,0,0,1,6885691.67346715,0,"Drivers and road residents","Lower speed limit delay","USD"
"drivers_residents","speed_delay_cost_usd","path_oneoff_annual",0,0,0,0,0,1,6885691.67346715,0,"Drivers and road residents","Lower speed limit delay","USD"
"drivers_residents","speed_delay_cost_usd","shoulders_speed",-2834696.05609537,-6885691.67346715,-832556.232293272,0,6885691.67346715,1,6885691.67346715,0.411679202398561,"Drivers and road residents","Lower speed limit delay","USD"
"drivers_residents","speed_delay_cost_usd","partial_path",0,0,0,0,0,1,6885691.67346715,0,"Drivers and road residents","Lower speed limit delay","USD"
"drivers_residents","speed_delay_cost_usd","path_donated",0,0,0,0,0,1,6885691.67346715,0,"Drivers and road residents","Lower speed limit delay","USD"
"town","net_capital_maint_cost_usd","carriage_path",-1177806.45342154,-2660453.80002883,-417729.214218261,0,2660453.80002883,1,3282855.39574917,0.358775002684136,"Town of Camden (incl. the Snow Bowl)","Capital and upkeep cost to Town","USD"
"town","net_capital_maint_cost_usd","path_compensated",-1177806.45342154,-2660453.80002883,-417729.214218261,0,2660453.80002883,1,3282855.39574917,0.358775002684136,"Town of Camden (incl. the Snow Bowl)","Capital and upkeep cost to Town","USD"
"town","net_capital_maint_cost_usd","path_cost_sharing",-1110997.18671452,-2502953.42288368,-392865.190851245,0,2502953.42288368,1,3282855.39574917,0.338424040289166,"Town of Camden (incl. the Snow Bowl)","Capital and upkeep cost to Town","USD"
"town","net_capital_maint_cost_usd","partial_path",-471122.581368615,-1064181.52001153,-167091.685687304,0,1064181.52001153,1,3282855.39574917,0.143510001073655,"Town of Camden (incl. the Snow Bowl)","Capital and upkeep cost to Town","USD"
"town","net_capital_maint_cost_usd","path_annual",-1177806.45342154,-2660453.80002883,-417729.214218261,0,2660453.80002883,1,3282855.39574917,0.358775002684136,"Town of Camden (incl. the Snow Bowl)","Capital and upkeep cost to Town","USD"
"town","net_capital_maint_cost_usd","shoulders",-398933.061086222,-891030.075821786,-139886.111297723,0,891030.075821786,1,3282855.39574917,0.121520144202143,"Town of Camden (incl. the Snow Bowl)","Capital and upkeep cost to Town","USD"
"town","net_capital_maint_cost_usd","shoulders_speed",-398933.061086222,-891030.075821786,-139886.111297723,0,891030.075821786,1,3282855.39574917,0.121520144202143,"Town of Camden (incl. the Snow Bowl)","Capital and upkeep cost to Town","USD"
"town","net_capital_maint_cost_usd","path_mitigated",-1426414.72751411,-3282855.39574917,-489568.469579745,0,3282855.39574917,1,3282855.39574917,0.43450428226632,"Town of Camden (incl. the Snow Bowl)","Capital and upkeep cost to Town","USD"
"town","net_capital_maint_cost_usd","path_oneoff_annual",-1177806.45342154,-2660453.80002883,-417729.214218261,0,2660453.80002883,1,3282855.39574917,0.358775002684136,"Town of Camden (incl. the Snow Bowl)","Capital and upkeep cost to Town","USD"
"town","net_capital_maint_cost_usd","path_donated",-1177806.45342154,-2660453.80002883,-417729.214218261,0,2660453.80002883,1,3282855.39574917,0.358775002684136,"Town of Camden (incl. the Snow Bowl)","Capital and upkeep cost to Town","USD"
"town","tax_revenue_gain_usd","path_cost_sharing",142953.103468216,34722.5648421288,338742.906446265,1,338742.906446265,1,338742.906446265,0.422010618518717,"Town of Camden (incl. the Snow Bowl)","Added tax revenue","USD"
"town","tax_revenue_gain_usd","carriage_path",142953.103468216,34722.5648421288,338742.906446265,1,338742.906446265,1,338742.906446265,0.422010618518717,"Town of Camden (incl. the Snow Bowl)","Added tax revenue","USD"
"town","tax_revenue_gain_usd","path_mitigated",142953.103468216,34722.5648421288,338742.906446265,1,338742.906446265,1,338742.906446265,0.422010618518717,"Town of Camden (incl. the Snow Bowl)","Added tax revenue","USD"
"town","tax_revenue_gain_usd","path_compensated",142953.103468216,34722.5648421288,338742.906446265,1,338742.906446265,1,338742.906446265,0.422010618518717,"Town of Camden (incl. the Snow Bowl)","Added tax revenue","USD"
"town","tax_revenue_gain_usd","path_oneoff_annual",142953.103468216,34722.5648421288,338742.906446265,1,338742.906446265,1,338742.906446265,0.422010618518717,"Town of Camden (incl. the Snow Bowl)","Added tax revenue","USD"
"town","tax_revenue_gain_usd","path_donated",142953.103468216,34722.5648421288,338742.906446265,1,338742.906446265,1,338742.906446265,0.422010618518717,"Town of Camden (incl. the Snow Bowl)","Added tax revenue","USD"
"town","tax_revenue_gain_usd","shoulders",0,0,0,0,0,1,338742.906446265,0,"Town of Camden (incl. the Snow Bowl)","Added tax revenue","USD"
"town","tax_revenue_gain_usd","partial_path",57181.2413872865,13889.0259368515,135497.162578506,1,135497.162578506,1,338742.906446265,0.168804247407487,"Town of Camden (incl. the Snow Bowl)","Added tax revenue","USD"
"town","tax_revenue_gain_usd","path_annual",142953.103468216,34722.5648421288,338742.906446265,1,338742.906446265,1,338742.906446265,0.422010618518717,"Town of Camden (incl. the Snow Bowl)","Added tax revenue","USD"
"town","tax_revenue_gain_usd","shoulders_speed",0,0,0,0,0,1,338742.906446265,0,"Town of Camden (incl. the Snow Bowl)","Added tax revenue","USD"
"town","ems_savings_usd","carriage_path",16414.9252741763,-19267.2290590254,98890.2158648706,0.8344,103088.153591791,0.6688,103088.153591791,0.159231926290738,"Town of Camden (incl. the Snow Bowl)","Emergency-response savings","USD"
"town","ems_savings_usd","path_mitigated",16414.9252741763,-19267.2290590254,98890.2158648706,0.8344,103088.153591791,0.6688,103088.153591791,0.159231926290738,"Town of Camden (incl. the Snow Bowl)","Emergency-response savings","USD"
"town","ems_savings_usd","path_cost_sharing",16414.9252741763,-19267.2290590254,98890.2158648706,0.8344,103088.153591791,0.6688,103088.153591791,0.159231926290738,"Town of Camden (incl. the Snow Bowl)","Emergency-response savings","USD"
"town","ems_savings_usd","path_compensated",16414.9252741763,-19267.2290590254,98890.2158648706,0.8344,103088.153591791,0.6688,103088.153591791,0.159231926290738,"Town of Camden (incl. the Snow Bowl)","Emergency-response savings","USD"
"town","ems_savings_usd","path_oneoff_annual",16414.9252741763,-19267.2290590254,98890.2158648706,0.8344,103088.153591791,0.6688,103088.153591791,0.159231926290738,"Town of Camden (incl. the Snow Bowl)","Emergency-response savings","USD"
"town","ems_savings_usd","path_annual",16414.9252741763,-19267.2290590254,98890.2158648706,0.8344,103088.153591791,0.6688,103088.153591791,0.159231926290738,"Town of Camden (incl. the Snow Bowl)","Emergency-response savings","USD"
"town","ems_savings_usd","partial_path",-8678.63547019998,-66323.1752067091,13032.8237457895,0.201,66956.0826426874,0.598,103088.153591791,0.0841865448921095,"Town of Camden (incl. the Snow Bowl)","Emergency-response savings","USD"
"town","ems_savings_usd","shoulders",3957.04879259956,-18232.7773932498,41364.2928879995,0.713,45158.7941836025,0.426,103088.153591791,0.0383850971690569,"Town of Camden (incl. the Snow Bowl)","Emergency-response savings","USD"
"town","ems_savings_usd","shoulders_speed",12051.2588064776,-2383.96672176014,62819.608248313,0.9196,63428.8248256904,0.8392,103088.153591791,0.116902460530996,"Town of Camden (incl. the Snow Bowl)","Emergency-response savings","USD"
"town","ems_savings_usd","path_donated",16414.9252741763,-19267.2290590254,98890.2158648706,0.8344,103088.153591791,0.6688,103088.153591791,0.159231926290738,"Town of Camden (incl. the Snow Bowl)","Emergency-response savings","USD"
"town","winter_maintenance_cost_usd","carriage_path",-210229.986945258,-432697.127293903,-58286.7332034507,0,432697.127293903,1,432697.127293903,0.485859446906986,"Town of Camden (incl. the Snow Bowl)","Winter maintenance","USD"
"town","winter_maintenance_cost_usd","path_mitigated",-210229.986945258,-432697.127293903,-58286.7332034507,0,432697.127293903,1,432697.127293903,0.485859446906986,"Town of Camden (incl. the Snow Bowl)","Winter maintenance","USD"
"town","winter_maintenance_cost_usd","partial_path",-84091.9947781031,-173078.850917561,-23314.6932813803,0,173078.850917561,1,432697.127293903,0.194343778762795,"Town of Camden (incl. the Snow Bowl)","Winter maintenance","USD"
"town","winter_maintenance_cost_usd","path_cost_sharing",-210229.986945258,-432697.127293903,-58286.7332034507,0,432697.127293903,1,432697.127293903,0.485859446906986,"Town of Camden (incl. the Snow Bowl)","Winter maintenance","USD"
"town","winter_maintenance_cost_usd","shoulders",0,0,0,0,0,1,432697.127293903,0,"Town of Camden (incl. the Snow Bowl)","Winter maintenance","USD"
"town","winter_maintenance_cost_usd","path_compensated",-210229.986945258,-432697.127293903,-58286.7332034507,0,432697.127293903,1,432697.127293903,0.485859446906986,"Town of Camden (incl. the Snow Bowl)","Winter maintenance","USD"
"town","winter_maintenance_cost_usd","shoulders_speed",0,0,0,0,0,1,432697.127293903,0,"Town of Camden (incl. the Snow Bowl)","Winter maintenance","USD"
"town","winter_maintenance_cost_usd","path_annual",-210229.986945258,-432697.127293903,-58286.7332034507,0,432697.127293903,1,432697.127293903,0.485859446906986,"Town of Camden (incl. the Snow Bowl)","Winter maintenance","USD"
"town","winter_maintenance_cost_usd","path_oneoff_annual",-210229.986945258,-432697.127293903,-58286.7332034507,0,432697.127293903,1,432697.127293903,0.485859446906986,"Town of Camden (incl. the Snow Bowl)","Winter maintenance","USD"
"town","winter_maintenance_cost_usd","path_donated",-210229.986945258,-432697.127293903,-58286.7332034507,0,432697.127293903,1,432697.127293903,0.485859446906986,"Town of Camden (incl. the Snow Bowl)","Winter maintenance","USD"
"town","payment_contribution_usd","path_annual",-52326.1059092354,-126992.514368334,-12587.2712768907,0,126992.514368334,1,338069.395471882,0.154779186196958,"Town of Camden (incl. the Snow Bowl)","Landowner payments paid by Town","USD"
"town","payment_contribution_usd","carriage_path",-72608.0875827951,-169034.697735941,-19802.6698129251,0,169034.697735941,1,338069.395471882,0.214772731738842,"Town of Camden (incl. the Snow Bowl)","Landowner payments paid by Town","USD"
"town","payment_contribution_usd","path_mitigated",-50825.6613079566,-118324.288415159,-13861.8688690476,0,118324.288415159,1,338069.395471882,0.15034091221719,"Town of Camden (incl. the Snow Bowl)","Landowner payments paid by Town","USD"
"town","payment_contribution_usd","path_compensated",-145216.17516559,-338069.395471882,-39605.3396258502,0,338069.395471882,1,338069.395471882,0.429545463477684,"Town of Camden (incl. the Snow Bowl)","Landowner payments paid by Town","USD"
"town","payment_contribution_usd","shoulders",-7565.30831477297,-22411.5767709769,-1167.70364417868,0,22411.5767709769,1,338069.395471882,0.022377974510864,"Town of Camden (incl. the Snow Bowl)","Landowner payments paid by Town","USD"
"town","payment_contribution_usd","shoulders_speed",-7565.30831477297,-22411.5767709769,-1167.70364417868,0,22411.5767709769,1,338069.395471882,0.022377974510864,"Town of Camden (incl. the Snow Bowl)","Landowner payments paid by Town","USD"
"town","payment_contribution_usd","path_donated",0,0,0,0,0,1,338069.395471882,0,"Town of Camden (incl. the Snow Bowl)","Landowner payments paid by Town","USD"
"town","payment_contribution_usd","path_cost_sharing",-72608.0875827951,-169034.697735941,-19802.6698129251,0,169034.697735941,1,338069.395471882,0.214772731738842,"Town of Camden (incl. the Snow Bowl)","Landowner payments paid by Town","USD"
"town","payment_contribution_usd","path_oneoff_annual",-127178.793145677,-269583.529725884,-50878.705096959,0,269583.529725884,1,338069.395471882,0.376191382151463,"Town of Camden (incl. the Snow Bowl)","Landowner payments paid by Town","USD"
"town","payment_contribution_usd","partial_path",-29043.235033118,-67613.8790943764,-7921.06792517005,0,67613.8790943764,1,338069.395471882,0.0859090926955369,"Town of Camden (incl. the Snow Bowl)","Landowner payments paid by Town","USD"
"town","snowbowl_margin_usd","path_compensated",341965.765270416,31575.406941894,1406358.06064009,0.9876,1406358.06064009,0.9752,1406358.06064009,0.243156970362707,"Town of Camden (incl. the Snow Bowl)","Snow Bowl added operating margin","USD"
"town","snowbowl_margin_usd","path_cost_sharing",341965.765270416,31575.406941894,1406358.06064009,0.9876,1406358.06064009,0.9752,1406358.06064009,0.243156970362707,"Town of Camden (incl. the Snow Bowl)","Snow Bowl added operating margin","USD"
"town","snowbowl_margin_usd","path_annual",341965.765270416,31575.406941894,1406358.06064009,0.9876,1406358.06064009,0.9752,1406358.06064009,0.243156970362707,"Town of Camden (incl. the Snow Bowl)","Snow Bowl added operating margin","USD"
"town","snowbowl_margin_usd","carriage_path",341965.765270416,31575.406941894,1406358.06064009,0.9876,1406358.06064009,0.9752,1406358.06064009,0.243156970362707,"Town of Camden (incl. the Snow Bowl)","Snow Bowl added operating margin","USD"
"town","snowbowl_margin_usd","path_oneoff_annual",341965.765270416,31575.406941894,1406358.06064009,0.9876,1406358.06064009,0.9752,1406358.06064009,0.243156970362707,"Town of Camden (incl. the Snow Bowl)","Snow Bowl added operating margin","USD"
"town","snowbowl_margin_usd","shoulders_speed",67837.5282967237,6658.03431577918,277355.131617136,0.9876,277355.131617136,0.9752,1406358.06064009,0.0482363134931998,"Town of Camden (incl. the Snow Bowl)","Snow Bowl added operating margin","USD"
"town","snowbowl_margin_usd","path_donated",341965.765270416,31575.406941894,1406358.06064009,0.9876,1406358.06064009,0.9752,1406358.06064009,0.243156970362707,"Town of Camden (incl. the Snow Bowl)","Snow Bowl added operating margin","USD"
"town","snowbowl_margin_usd","path_mitigated",341965.765270416,31575.406941894,1406358.06064009,0.9876,1406358.06064009,0.9752,1406358.06064009,0.243156970362707,"Town of Camden (incl. the Snow Bowl)","Snow Bowl added operating margin","USD"
"town","snowbowl_margin_usd","shoulders",67837.5282967237,6658.03431577918,277355.131617136,0.9876,277355.131617136,0.9752,1406358.06064009,0.0482363134931998,"Town of Camden (incl. the Snow Bowl)","Snow Bowl added operating margin","USD"
"town","snowbowl_margin_usd","partial_path",136786.306108166,12630.1627767576,562543.224256034,0.9876,562543.224256034,0.9752,1406358.06064009,0.0972627881450828,"Town of Camden (incl. the Snow Bowl)","Snow Bowl added operating margin","USD"
"town","snowbowl_staff_commute_usd","carriage_path",123923.167595612,29195.4344511404,293400.893238348,1,293400.893238348,1,293400.893238348,0.42236806516789,"Town of Camden (incl. the Snow Bowl)","Snow Bowl staff commute savings","USD"
"town","snowbowl_staff_commute_usd","path_cost_sharing",123923.167595612,29195.4344511404,293400.893238348,1,293400.893238348,1,293400.893238348,0.42236806516789,"Town of Camden (incl. the Snow Bowl)","Snow Bowl staff commute savings","USD"
"town","snowbowl_staff_commute_usd","shoulders_speed",0,0,0,0,0,1,293400.893238348,0,"Town of Camden (incl. the Snow Bowl)","Snow Bowl staff commute savings","USD"
"town","snowbowl_staff_commute_usd","path_compensated",123923.167595612,29195.4344511404,293400.893238348,1,293400.893238348,1,293400.893238348,0.42236806516789,"Town of Camden (incl. the Snow Bowl)","Snow Bowl staff commute savings","USD"
"town","snowbowl_staff_commute_usd","path_mitigated",123923.167595612,29195.4344511404,293400.893238348,1,293400.893238348,1,293400.893238348,0.42236806516789,"Town of Camden (incl. the Snow Bowl)","Snow Bowl staff commute savings","USD"
"town","snowbowl_staff_commute_usd","path_oneoff_annual",123923.167595612,29195.4344511404,293400.893238348,1,293400.893238348,1,293400.893238348,0.42236806516789,"Town of Camden (incl. the Snow Bowl)","Snow Bowl staff commute savings","USD"
"town","snowbowl_staff_commute_usd","path_annual",123923.167595612,29195.4344511404,293400.893238348,1,293400.893238348,1,293400.893238348,0.42236806516789,"Town of Camden (incl. the Snow Bowl)","Snow Bowl staff commute savings","USD"
"town","snowbowl_staff_commute_usd","shoulders",0,0,0,0,0,1,293400.893238348,0,"Town of Camden (incl. the Snow Bowl)","Snow Bowl staff commute savings","USD"
"town","snowbowl_staff_commute_usd","path_donated",123923.167595612,29195.4344511404,293400.893238348,1,293400.893238348,1,293400.893238348,0.42236806516789,"Town of Camden (incl. the Snow Bowl)","Snow Bowl staff commute savings","USD"
"town","snowbowl_staff_commute_usd","partial_path",49569.2670382447,11678.1737804562,117360.357295339,1,117360.357295339,1,293400.893238348,0.168947226067156,"Town of Camden (incl. the Snow Bowl)","Snow Bowl staff commute savings","USD"
"town","snowbowl_liability_usd","carriage_path",-39022.0875107567,-76452.7178024228,-8707.45813866077,0,76452.7178024228,1,76452.7178024228,0.510408114092185,"Town of Camden (incl. the Snow Bowl)","Snow Bowl liability and insurance","USD"
"town","snowbowl_liability_usd","shoulders_speed",0,0,0,0,0,1,76452.7178024228,0,"Town of Camden (incl. the Snow Bowl)","Snow Bowl liability and insurance","USD"
"town","snowbowl_liability_usd","path_compensated",-39022.0875107567,-76452.7178024228,-8707.45813866077,0,76452.7178024228,1,76452.7178024228,0.510408114092185,"Town of Camden (incl. the Snow Bowl)","Snow Bowl liability and insurance","USD"
"town","snowbowl_liability_usd","path_cost_sharing",-39022.0875107567,-76452.7178024228,-8707.45813866077,0,76452.7178024228,1,76452.7178024228,0.510408114092185,"Town of Camden (incl. the Snow Bowl)","Snow Bowl liability and insurance","USD"
"town","snowbowl_liability_usd","path_annual",-39022.0875107567,-76452.7178024228,-8707.45813866077,0,76452.7178024228,1,76452.7178024228,0.510408114092185,"Town of Camden (incl. the Snow Bowl)","Snow Bowl liability and insurance","USD"
"town","snowbowl_liability_usd","shoulders",0,0,0,0,0,1,76452.7178024228,0,"Town of Camden (incl. the Snow Bowl)","Snow Bowl liability and insurance","USD"
"town","snowbowl_liability_usd","path_mitigated",-39022.0875107567,-76452.7178024228,-8707.45813866077,0,76452.7178024228,1,76452.7178024228,0.510408114092185,"Town of Camden (incl. the Snow Bowl)","Snow Bowl liability and insurance","USD"
"town","snowbowl_liability_usd","path_donated",-39022.0875107567,-76452.7178024228,-8707.45813866077,0,76452.7178024228,1,76452.7178024228,0.510408114092185,"Town of Camden (incl. the Snow Bowl)","Snow Bowl liability and insurance","USD"
"town","snowbowl_liability_usd","partial_path",-15608.8350043027,-30581.0871209691,-3482.98325546431,0,30581.0871209691,1,76452.7178024228,0.204163245636874,"Town of Camden (incl. the Snow Bowl)","Snow Bowl liability and insurance","USD"
"town","snowbowl_liability_usd","path_oneoff_annual",-39022.0875107567,-76452.7178024228,-8707.45813866077,0,76452.7178024228,1,76452.7178024228,0.510408114092185,"Town of Camden (incl. the Snow Bowl)","Snow Bowl liability and insurance","USD"
"town","snowbowl_brand_pts","carriage_path",123.018114915482,25.3094343220648,279.670537823881,1,279.670537823881,1,279.670537823881,0.439867981349365,"Town of Camden (incl. the Snow Bowl)","Snow Bowl bike-accessible brand","brand pts"
"town","snowbowl_brand_pts","path_annual",123.018114915482,25.3094343220648,279.670537823881,1,279.670537823881,1,279.670537823881,0.439867981349365,"Town of Camden (incl. the Snow Bowl)","Snow Bowl bike-accessible brand","brand pts"
"town","snowbowl_brand_pts","path_mitigated",123.018114915482,25.3094343220648,279.670537823881,1,279.670537823881,1,279.670537823881,0.439867981349365,"Town of Camden (incl. the Snow Bowl)","Snow Bowl bike-accessible brand","brand pts"
"town","snowbowl_brand_pts","path_compensated",123.018114915482,25.3094343220648,279.670537823881,1,279.670537823881,1,279.670537823881,0.439867981349365,"Town of Camden (incl. the Snow Bowl)","Snow Bowl bike-accessible brand","brand pts"
"town","snowbowl_brand_pts","path_donated",123.018114915482,25.3094343220648,279.670537823881,1,279.670537823881,1,279.670537823881,0.439867981349365,"Town of Camden (incl. the Snow Bowl)","Snow Bowl bike-accessible brand","brand pts"
"town","snowbowl_brand_pts","partial_path",49.2072459661926,10.1237737288259,111.868215129552,1,111.868215129552,1,279.670537823881,0.175947192539746,"Town of Camden (incl. the Snow Bowl)","Snow Bowl bike-accessible brand","brand pts"
"town","snowbowl_brand_pts","shoulders",0,0,0,0,0,1,279.670537823881,0,"Town of Camden (incl. the Snow Bowl)","Snow Bowl bike-accessible brand","brand pts"
"town","snowbowl_brand_pts","path_cost_sharing",123.018114915482,25.3094343220648,279.670537823881,1,279.670537823881,1,279.670537823881,0.439867981349365,"Town of Camden (incl. the Snow Bowl)","Snow Bowl bike-accessible brand","brand pts"
"town","snowbowl_brand_pts","shoulders_speed",0,0,0,0,0,1,279.670537823881,0,"Town of Camden (incl. the Snow Bowl)","Snow Bowl bike-accessible brand","brand pts"
"town","snowbowl_brand_pts","path_oneoff_annual",123.018114915482,25.3094343220648,279.670537823881,1,279.670537823881,1,279.670537823881,0.439867981349365,"Town of Camden (incl. the Snow Bowl)","Snow Bowl bike-accessible brand","brand pts"
"tourism_business","business_margin_usd","path_cost_sharing",451521.483171111,56347.9736299261,1715262.74429948,0.9876,1715262.74429948,0.9752,1715262.74429948,0.263237503800337,"Tourism and local business","Added business margin","USD"
"tourism_business","business_margin_usd","carriage_path",451521.483171111,56347.9736299261,1715262.74429948,0.9876,1715262.74429948,0.9752,1715262.74429948,0.263237503800337,"Tourism and local business","Added business margin","USD"
"tourism_business","business_margin_usd","path_annual",451521.483171111,56347.9736299261,1715262.74429948,0.9876,1715262.74429948,0.9752,1715262.74429948,0.263237503800337,"Tourism and local business","Added business margin","USD"
"tourism_business","business_margin_usd","path_compensated",451521.483171111,56347.9736299261,1715262.74429948,0.9876,1715262.74429948,0.9752,1715262.74429948,0.263237503800337,"Tourism and local business","Added business margin","USD"
"tourism_business","business_margin_usd","path_mitigated",451521.483171111,56347.9736299261,1715262.74429948,0.9876,1715262.74429948,0.9752,1715262.74429948,0.263237503800337,"Tourism and local business","Added business margin","USD"
"tourism_business","business_margin_usd","shoulders_speed",87231.7623683804,10764.9342143442,334991.699734436,0.9876,334991.699734436,0.9752,1715262.74429948,0.050856210022801,"Tourism and local business","Added business margin","USD"
"tourism_business","business_margin_usd","path_oneoff_annual",451521.483171111,56347.9736299261,1715262.74429948,0.9876,1715262.74429948,0.9752,1715262.74429948,0.263237503800337,"Tourism and local business","Added business margin","USD"
"tourism_business","business_margin_usd","shoulders",87231.7623683804,10764.9342143442,334991.699734436,0.9876,334991.699734436,0.9752,1715262.74429948,0.050856210022801,"Tourism and local business","Added business margin","USD"
"tourism_business","business_margin_usd","path_donated",451521.483171111,56347.9736299261,1715262.74429948,0.9876,1715262.74429948,0.9752,1715262.74429948,0.263237503800337,"Tourism and local business","Added business margin","USD"
"tourism_business","business_margin_usd","partial_path",180608.593268444,22539.1894519705,686105.097719792,0.9876,686105.097719792,0.9752,1715262.74429948,0.105295001520135,"Tourism and local business","Added business margin","USD"
"tourism_business","jobs_fte","carriage_path",2.8205284533966,0.375203318112013,9.71498055220703,0.9876,9.71498055220703,0.9752,9.71498055220703,0.290327750862644,"Tourism and local business","Seasonal jobs supported","FTE"
"tourism_business","jobs_fte","path_cost_sharing",2.8205284533966,0.375203318112013,9.71498055220703,0.9876,9.71498055220703,0.9752,9.71498055220703,0.290327750862644,"Tourism and local business","Seasonal jobs supported","FTE"
"tourism_business","jobs_fte","path_compensated",2.8205284533966,0.375203318112013,9.71498055220703,0.9876,9.71498055220703,0.9752,9.71498055220703,0.290327750862644,"Tourism and local business","Seasonal jobs supported","FTE"
"tourism_business","jobs_fte","path_mitigated",2.8205284533966,0.375203318112013,9.71498055220703,0.9876,9.71498055220703,0.9752,9.71498055220703,0.290327750862644,"Tourism and local business","Seasonal jobs supported","FTE"
"tourism_business","jobs_fte","shoulders_speed",0.557079452027,0.071952679539691,1.8452197828146,0.9876,1.8452197828146,0.9752,9.71498055220703,0.0573423126308208,"Tourism and local business","Seasonal jobs supported","FTE"
"tourism_business","jobs_fte","path_annual",2.8205284533966,0.375203318112013,9.71498055220703,0.9876,9.71498055220703,0.9752,9.71498055220703,0.290327750862644,"Tourism and local business","Seasonal jobs supported","FTE"
"tourism_business","jobs_fte","shoulders",0.557079452027,0.071952679539691,1.8452197828146,0.9876,1.8452197828146,0.9752,9.71498055220703,0.0573423126308208,"Tourism and local business","Seasonal jobs supported","FTE"
"tourism_business","jobs_fte","path_oneoff_annual",2.8205284533966,0.375203318112013,9.71498055220703,0.9876,9.71498055220703,0.9752,9.71498055220703,0.290327750862644,"Tourism and local business","Seasonal jobs supported","FTE"
"tourism_business","jobs_fte","path_donated",2.8205284533966,0.375203318112013,9.71498055220703,0.9876,9.71498055220703,0.9752,9.71498055220703,0.290327750862644,"Tourism and local business","Seasonal jobs supported","FTE"
"tourism_business","jobs_fte","partial_path",1.12821138135864,0.150081327244805,3.88599222088281,0.9876,3.88599222088281,0.9752,9.71498055220703,0.116131100345058,"Tourism and local business","Seasonal jobs supported","FTE"
"tourism_business","destination_brand_pts","path_cost_sharing",71.5640049811376,13.020083351811,174.001620770346,1,174.001620770346,1,174.001620770346,0.411283553936493,"Tourism and local business","Destination brand","brand pts"
"tourism_business","destination_brand_pts","carriage_path",71.5640049811376,13.020083351811,174.001620770346,1,174.001620770346,1,174.001620770346,0.411283553936493,"Tourism and local business","Destination brand","brand pts"
"tourism_business","destination_brand_pts","path_mitigated",71.5640049811376,13.020083351811,174.001620770346,1,174.001620770346,1,174.001620770346,0.411283553936493,"Tourism and local business","Destination brand","brand pts"
"tourism_business","destination_brand_pts","path_compensated",71.5640049811376,13.020083351811,174.001620770346,1,174.001620770346,1,174.001620770346,0.411283553936493,"Tourism and local business","Destination brand","brand pts"
"tourism_business","destination_brand_pts","partial_path",28.625601992455,5.2080333407244,69.6006483081382,1,69.6006483081382,1,174.001620770346,0.164513421574597,"Tourism and local business","Destination brand","brand pts"
"tourism_business","destination_brand_pts","shoulders",0,0,0,0,0,1,174.001620770346,0,"Tourism and local business","Destination brand","brand pts"
"tourism_business","destination_brand_pts","path_annual",71.5640049811376,13.020083351811,174.001620770346,1,174.001620770346,1,174.001620770346,0.411283553936493,"Tourism and local business","Destination brand","brand pts"
"tourism_business","destination_brand_pts","path_donated",71.5640049811376,13.020083351811,174.001620770346,1,174.001620770346,1,174.001620770346,0.411283553936493,"Tourism and local business","Destination brand","brand pts"
"tourism_business","destination_brand_pts","shoulders_speed",0,0,0,0,0,1,174.001620770346,0,"Tourism and local business","Destination brand","brand pts"
"tourism_business","destination_brand_pts","path_oneoff_annual",71.5640049811376,13.020083351811,174.001620770346,1,174.001620770346,1,174.001620770346,0.411283553936493,"Tourism and local business","Destination brand","brand pts"
"tourism_business","capital_contribution_usd","path_compensated",0,0,0,0,0,1,165638.697343035,0,"Tourism and local business","Share of path capital and upkeep (binding agreement)","USD"
"tourism_business","capital_contribution_usd","path_cost_sharing",-56270.8982981194,-165638.697343035,-11954.2688834123,0,165638.697343035,1,165638.697343035,0.339720724690216,"Tourism and local business","Share of path capital and upkeep (binding agreement)","USD"
"tourism_business","capital_contribution_usd","path_annual",0,0,0,0,0,1,165638.697343035,0,"Tourism and local business","Share of path capital and upkeep (binding agreement)","USD"
"tourism_business","capital_contribution_usd","carriage_path",0,0,0,0,0,1,165638.697343035,0,"Tourism and local business","Share of path capital and upkeep (binding agreement)","USD"
"tourism_business","capital_contribution_usd","shoulders",0,0,0,0,0,1,165638.697343035,0,"Tourism and local business","Share of path capital and upkeep (binding agreement)","USD"
"tourism_business","capital_contribution_usd","path_oneoff_annual",0,0,0,0,0,1,165638.697343035,0,"Tourism and local business","Share of path capital and upkeep (binding agreement)","USD"
"tourism_business","capital_contribution_usd","path_mitigated",0,0,0,0,0,1,165638.697343035,0,"Tourism and local business","Share of path capital and upkeep (binding agreement)","USD"
"tourism_business","capital_contribution_usd","shoulders_speed",0,0,0,0,0,1,165638.697343035,0,"Tourism and local business","Share of path capital and upkeep (binding agreement)","USD"
"tourism_business","capital_contribution_usd","path_donated",0,0,0,0,0,1,165638.697343035,0,"Tourism and local business","Share of path capital and upkeep (binding agreement)","USD"
"tourism_business","capital_contribution_usd","partial_path",0,0,0,0,0,1,165638.697343035,0,"Tourism and local business","Share of path capital and upkeep (binding agreement)","USD"
"tourism_business","payment_contribution_usd","carriage_path",-3505.07714461067,-11715.7659140713,-375.596166203677,0,11715.7659140713,1,23431.5318281427,0.149588049570061,"Tourism and local business","Share of landowner payments","USD"
"tourism_business","payment_contribution_usd","path_compensated",-7010.15428922133,-23431.5318281427,-751.192332407354,0,23431.5318281427,1,23431.5318281427,0.299176099140122,"Tourism and local business","Share of landowner payments","USD"
"tourism_business","payment_contribution_usd","path_annual",-1477.65921793722,-5397.15980273967,-151.685443834437,0,5397.15980273967,1,23431.5318281427,0.0630628517493022,"Tourism and local business","Share of landowner payments","USD"
"tourism_business","payment_contribution_usd","path_cost_sharing",-3505.07714461067,-11715.7659140713,-375.596166203677,0,11715.7659140713,1,23431.5318281427,0.149588049570061,"Tourism and local business","Share of landowner payments","USD"
"tourism_business","payment_contribution_usd","shoulders_speed",-349.069644574464,-1507.16696806002,-28.5438970011852,0,1507.16696806002,1,23431.5318281427,0.0148974316802972,"Tourism and local business","Share of landowner payments","USD"
"tourism_business","payment_contribution_usd","shoulders",-349.069644574464,-1507.16696806002,-28.5438970011852,0,1507.16696806002,1,23431.5318281427,0.0148974316802972,"Tourism and local business","Share of landowner payments","USD"
"tourism_business","payment_contribution_usd","path_oneoff_annual",-5203.99516649488,-16030.9028454059,-757.837202380921,0,16030.9028454059,1,23431.5318281427,0.222093681482854,"Tourism and local business","Share of landowner payments","USD"
"tourism_business","payment_contribution_usd","path_mitigated",-2453.55400122747,-8201.03613984994,-262.917316342574,0,8201.03613984994,1,23431.5318281427,0.104711634699043,"Tourism and local business","Share of landowner payments","USD"
"tourism_business","payment_contribution_usd","path_donated",0,0,0,0,0,1,23431.5318281427,0,"Tourism and local business","Share of landowner payments","USD"
"tourism_business","payment_contribution_usd","partial_path",-1402.03085784427,-4686.30636562854,-150.238466481471,0,4686.30636562854,1,23431.5318281427,0.0598352198280243,"Tourism and local business","Share of landowner payments","USD"
"climate_future","net_tco2e_avoided","carriage_path",-260.021347259024,-721.206330746481,195.822438834616,0.1594,724.209092488467,0.6812,724.209092488467,0.359041815348603,"Climate and future residents","Net emissions avoided","tCO2e"
"climate_future","net_tco2e_avoided","shoulders",-112.760768869979,-305.744771943328,12.591181068708,0.0724,305.744771943328,0.8552,724.209092488467,0.155701951328061,"Climate and future residents","Net emissions avoided","tCO2e"
"climate_future","net_tco2e_avoided","path_compensated",-260.021347259024,-721.206330746481,195.822438834616,0.1594,724.209092488467,0.6812,724.209092488467,0.359041815348603,"Climate and future residents","Net emissions avoided","tCO2e"
"climate_future","net_tco2e_avoided","path_cost_sharing",-260.021347259024,-721.206330746481,195.822438834616,0.1594,724.209092488467,0.6812,724.209092488467,0.359041815348603,"Climate and future residents","Net emissions avoided","tCO2e"
"climate_future","net_tco2e_avoided","shoulders_speed",-112.760768869979,-305.744771943328,12.591181068708,0.0724,305.744771943328,0.8552,724.209092488467,0.155701951328061,"Climate and future residents","Net emissions avoided","tCO2e"
"climate_future","net_tco2e_avoided","path_annual",-260.021347259024,-721.206330746481,195.822438834616,0.1594,724.209092488467,0.6812,724.209092488467,0.359041815348603,"Climate and future residents","Net emissions avoided","tCO2e"
"climate_future","net_tco2e_avoided","partial_path",-104.008538903609,-288.482532298593,78.3289755338463,0.1594,289.683636995387,0.6812,724.209092488467,0.143616726139441,"Climate and future residents","Net emissions avoided","tCO2e"
"climate_future","net_tco2e_avoided","path_mitigated",-260.021347259024,-721.206330746481,195.822438834616,0.1594,724.209092488467,0.6812,724.209092488467,0.359041815348603,"Climate and future residents","Net emissions avoided","tCO2e"
"climate_future","net_tco2e_avoided","path_oneoff_annual",-260.021347259024,-721.206330746481,195.822438834616,0.1594,724.209092488467,0.6812,724.209092488467,0.359041815348603,"Climate and future residents","Net emissions avoided","tCO2e"
"climate_future","net_tco2e_avoided","path_donated",-260.021347259024,-721.206330746481,195.822438834616,0.1594,724.209092488467,0.6812,724.209092488467,0.359041815348603,"Climate and future residents","Net emissions avoided","tCO2e"
"climate_future","climate_value_usd","carriage_path",-34543.5387479776,-124826.784794925,28117.6158158738,0.1594,126006.059674585,0.6812,126006.059674585,0.274141885217166,"Climate and future residents","Value of net emissions avoided","USD"
"climate_future","climate_value_usd","shoulders",-15202.9221801969,-52549.8774127864,1746.06875014234,0.0724,52549.8774127864,0.8552,126006.059674585,0.12065231005127,"Climate and future residents","Value of net emissions avoided","USD"
"climate_future","climate_value_usd","path_compensated",-34543.5387479776,-124826.784794925,28117.6158158738,0.1594,126006.059674585,0.6812,126006.059674585,0.274141885217166,"Climate and future residents","Value of net emissions avoided","USD"
"climate_future","climate_value_usd","path_mitigated",-34543.5387479776,-124826.784794925,28117.6158158738,0.1594,126006.059674585,0.6812,126006.059674585,0.274141885217166,"Climate and future residents","Value of net emissions avoided","USD"
"climate_future","climate_value_usd","shoulders_speed",-15202.9221801969,-52549.8774127864,1746.06875014234,0.0724,52549.8774127864,0.8552,126006.059674585,0.12065231005127,"Climate and future residents","Value of net emissions avoided","USD"
"climate_future","climate_value_usd","path_annual",-34543.5387479776,-124826.784794925,28117.6158158738,0.1594,126006.059674585,0.6812,126006.059674585,0.274141885217166,"Climate and future residents","Value of net emissions avoided","USD"
"climate_future","climate_value_usd","partial_path",-13817.415499191,-49930.71391797,11247.0463263495,0.1594,50402.4238698341,0.6812,126006.059674585,0.109656754086866,"Climate and future residents","Value of net emissions avoided","USD"
"climate_future","climate_value_usd","path_cost_sharing",-34543.5387479776,-124826.784794925,28117.6158158738,0.1594,126006.059674585,0.6812,126006.059674585,0.274141885217166,"Climate and future residents","Value of net emissions avoided","USD"
"climate_future","climate_value_usd","path_oneoff_annual",-34543.5387479776,-124826.784794925,28117.6158158738,0.1594,126006.059674585,0.6812,126006.059674585,0.274141885217166,"Climate and future residents","Value of net emissions avoided","USD"
"climate_future","climate_value_usd","path_donated",-34543.5387479776,-124826.784794925,28117.6158158738,0.1594,126006.059674585,0.6812,126006.059674585,0.274141885217166,"Climate and future residents","Value of net emissions avoided","USD"
"climate_future","youth_mobility_pts","shoulders",0,0,0,0,0,1,244.320725276535,0,"Climate and future residents","Youth independent mobility","wellbeing pts"
"climate_future","youth_mobility_pts","path_annual",116.958228235492,33.6609887814507,244.320725276535,1,244.320725276535,1,244.320725276535,0.478707764570985,"Climate and future residents","Youth independent mobility","wellbeing pts"
"climate_future","youth_mobility_pts","shoulders_speed",0,0,0,0,0,1,244.320725276535,0,"Climate and future residents","Youth independent mobility","wellbeing pts"
"climate_future","youth_mobility_pts","path_mitigated",116.958228235492,33.6609887814507,244.320725276535,1,244.320725276535,1,244.320725276535,0.478707764570985,"Climate and future residents","Youth independent mobility","wellbeing pts"
"climate_future","youth_mobility_pts","path_oneoff_annual",116.958228235492,33.6609887814507,244.320725276535,1,244.320725276535,1,244.320725276535,0.478707764570985,"Climate and future residents","Youth independent mobility","wellbeing pts"
"climate_future","youth_mobility_pts","partial_path",46.7832912941968,13.4643955125803,97.7282901106142,1,97.7282901106142,1,244.320725276535,0.191483105828394,"Climate and future residents","Youth independent mobility","wellbeing pts"
"climate_future","youth_mobility_pts","path_cost_sharing",116.958228235492,33.6609887814507,244.320725276535,1,244.320725276535,1,244.320725276535,0.478707764570985,"Climate and future residents","Youth independent mobility","wellbeing pts"
"climate_future","youth_mobility_pts","path_donated",116.958228235492,33.6609887814507,244.320725276535,1,244.320725276535,1,244.320725276535,0.478707764570985,"Climate and future residents","Youth independent mobility","wellbeing pts"
"climate_future","youth_mobility_pts","carriage_path",116.958228235492,33.6609887814507,244.320725276535,1,244.320725276535,1,244.320725276535,0.478707764570985,"Climate and future residents","Youth independent mobility","wellbeing pts"
"climate_future","youth_mobility_pts","path_compensated",116.958228235492,33.6609887814507,244.320725276535,1,244.320725276535,1,244.320725276535,0.478707764570985,"Climate and future residents","Youth independent mobility","wellbeing pts"
"climate_future","development_pressure_ha","shoulders_speed",0,0,0,0,0,1,4.99296834312263,0,"Climate and future residents","Development pressure on forest","ha"
"climate_future","development_pressure_ha","path_annual",-2.48085431964137,-4.99296834312263,-0.0280033339164216,0.0444,4.99296834312263,0.9112,4.99296834312263,0.49686962727463,"Climate and future residents","Development pressure on forest","ha"
"climate_future","development_pressure_ha","shoulders",0,0,0,0,0,1,4.99296834312263,0,"Climate and future residents","Development pressure on forest","ha"
"climate_future","development_pressure_ha","path_donated",-2.48085431964137,-4.99296834312263,-0.0280033339164216,0.0444,4.99296834312263,0.9112,4.99296834312263,0.49686962727463,"Climate and future residents","Development pressure on forest","ha"
"climate_future","development_pressure_ha","path_oneoff_annual",-2.48085431964137,-4.99296834312263,-0.0280033339164216,0.0444,4.99296834312263,0.9112,4.99296834312263,0.49686962727463,"Climate and future residents","Development pressure on forest","ha"
"climate_future","development_pressure_ha","path_mitigated",-2.48085431964137,-4.99296834312263,-0.0280033339164216,0.0444,4.99296834312263,0.9112,4.99296834312263,0.49686962727463,"Climate and future residents","Development pressure on forest","ha"
"climate_future","development_pressure_ha","path_cost_sharing",-2.48085431964137,-4.99296834312263,-0.0280033339164216,0.0444,4.99296834312263,0.9112,4.99296834312263,0.49686962727463,"Climate and future residents","Development pressure on forest","ha"
"climate_future","development_pressure_ha","path_compensated",-2.48085431964137,-4.99296834312263,-0.0280033339164216,0.0444,4.99296834312263,0.9112,4.99296834312263,0.49686962727463,"Climate and future residents","Development pressure on forest","ha"
"climate_future","development_pressure_ha","carriage_path",-2.48085431964137,-4.99296834312263,-0.0280033339164216,0.0444,4.99296834312263,0.9112,4.99296834312263,0.49686962727463,"Climate and future residents","Development pressure on forest","ha"
"climate_future","development_pressure_ha","partial_path",-0.992341727856547,-1.99718733724905,-0.0112013335665686,0.0444,1.99718733724905,0.9112,4.99296834312263,0.198747850909852,"Climate and future residents","Development pressure on forest","ha"
